"Product","Reference","BoM Lines/Component","BoM Lines/Component/Unit of Measure","BoM Lines/Quantity","BoM Lines/Product Unit of Measure","BoM Lines/Operations","BoM Lines/Operations/Duration"
"[BD50-5075-011-E] bracket","[BD50-5075-011-E] bracket","[5601-0000-0021] ALU 7075 T79511 hoekprofiel 20x16x1.2","mm","60.0","mm","Material prep (ZGN_02)","1.0"
"","","","","","","Milling (FR3_01)","4.0"
"","","","","","","BW - Benchwork (BKW_01)","2.0"
"","","","","","","Packaging (VERP_P)","1.0"
"","","","","","","Chromising","4500.0"
"","","","","","","Packaging (VERP_P)","1.0"
"[BD50-5075-013F] bracket","[BD50-5075-013F] bracket","[5601-0000-0021] ALU 7075 T79511 hoekprofiel 20x16x1.2","mm","140.0","mm","Material prep (ZGN_02)","1.0"
"","","","","","","Milling (FR3_01)","6.0"
"","","","","","","BW - Benchwork (BKW_01)","2.0"
"","","","","","","Packaging (VERP_P)","1.0"
"","","","","","","Chromising","4500.0"
"","","","","","","Packaging (VERP_P)","1.0"
"[BD50-5075-015F] bracket","[BD50-5075-015F] bracket","[5601-0000-0021] ALU 7075 T79511 hoekprofiel 20x16x1.2","mm","60.0","mm","Material prep (ZGN_02)","1.0"
"","","","","","","Milling (FR3_01)","6.0"
"","","","","","","BW - Benchwork (BKW_01)","2.0"
"","","","","","","Packaging (VERP_P)","1.0"
"","","","","","","Chromising","4500.0"
"","","","","","","Packaging (VERP_P)","1.0"
"[BD50-5085-007-C] bracket","[BD50-5085-007-C] bracket","[5601-0000-0021] ALU 7075 T79511 hoekprofiel 20x16x1.2","mm","84.0","mm","Material prep (ZGN_02)","1.0"
"","","","","","","Milling (FR3_01)","6.0"
"","","","","","","BW - Benchwork (BKW_01)","2.0"
"","","","","","","Packaging (VERP_P)","1.0"
"","","","","","","Chromising","4500.0"
"","","","","","","Packaging (VERP_P)","1.0"
"[BD50-5085-009-C] bracket","[BD50-5085-009-C] bracket","[5601-0000-0021] ALU 7075 T79511 hoekprofiel 20x16x1.2","mm","60.0","mm","Material prep (ZGN_02)","1.0"
"","","","","","","Milling (FR3_01)","6.0"
"","","","","","","BW - Benchwork (BKW_01)","2.0"
"","","","","","","Packaging (VERP_P)","1.0"
"","","","","","","Chromising","4500.0"
"","","","","","","Packaging (VERP_P)","1.0"
"[BD50-5085-011-C] bracket","[BD50-5085-011-C] bracket","[5601-0000-0021] ALU 7075 T79511 hoekprofiel 20x16x1.2","mm","84.0","mm","Material prep (ZGN_02)","1.0"
"","","","","","","Milling (FR3_01)","6.0"
"","","","","","","BW - Benchwork (BKW_01)","2.0"
"","","","","","","Packaging (VERP_P)","1.0"
"","","","","","","Chromising","4500.0"
"","","","","","","Packaging (VERP_P)","1.0"
"[1078121B] Block cooling water tmp","[1078121B] Block cooling water tmp","[5602-0000-0033] RVS 316L wgw plat 60x25","mm","53.0","mm","Material prep (ZGN_01)","1.0"
"","","","","","","Milling (FR5_01)","20.0"
"","","","","","","Milling (FR3_01)","3.0"
"","","","","","","BW - Benchwork (BKW_01)","3.0"
"","","","","","","Packaging (VERP_P)","1.0"
"[4022-335-19371] Filterhouder Ni 0.02mm","[4022-335-19371] Filterhouder Ni 0.02mm","[5604-0000-0005] MESSING CuZn40Pb3 plat 16x2","mm","91.0","mm","Material prep (ZGN_02)","1.0"
"","","","","","","Milling (FR4-01)","3.0"
"","","","","","","BW - Benchwork (BKW_01)","5.0"
"","","","","","","Packaging (VERP_P)","1.0166666666666666"
"[7005-2580-0004] Stroke Limiter Plate RX-L / 26223907","[7005-2580-0004] Stroke Limiter Plate RX-R / 26223908","[5601-0000-0023] ALU 6082 T651 (wgw) gzgd plaat 75x30","mm","50.0","mm","Zagen","1.0"
"","","","","","","Milling","25.0"
"[7005-2480-0110] Top Cover / N26241003V01-01","Top Cover / N26241003V01-01","[5605-0000-0001] POM-C gzgd plaat 540x460x50","Pcs","1.0","Pcs","",""
"[7005-2480-0100] Bottom Cover / N26241002V01-01
","Bottom Cover / N26241002V01-01","[5605-0000-0002] POM-C gzgd plaat 540x460x60","Pcs","1.0","Pcs","",""
"[7005-2480-0010] JH Top Cover / N26241508V01-01","JH Top Cover / N26241508V01-01","[5605-0000-0001] POM-C gzgd plaat 540x460x50","Pcs","1.0","Pcs","",""
"[7005-2480-0000] JH Bottom Cover / N26241507V01-01","JH Bottom Cover / N26241507V01-01","[5605-0000-0002] POM-C gzgd plaat 540x460x60","Pcs","1.0","Pcs","",""
"[00236-05-103-C] geleideblok spanrol","[00236-05-103-C] geleideblok spanrol","[5601-0000-0011] ALU 6082 T6 plat 80x25","mm","88.0","mm","Material prep (ZGN_01)","1.0"
"","","","","","","Milling (FR4-01)","16.0"
"","","","","","","Milling (FR3_02)","2.0"
"","","","","","","Anodising","2250.0"
"","","","","","","Packaging (VERP_P)","1.0"
"[00385-00-102-C] Height bearing clamp plate","[00385-00-102-C] Height bearing clamp plate","[5603-0000-0003] STAAL S355J2C+C ngl plat 50x20","mm","156.0","mm","Material prep (ZGN_01)","1.0"
"","","","","","","Milling (FR4-01)","8.0"
"","","","","","","Milling (FR3_01)","3.0"
"","","","","","","Painting","9000.0"
"","","","","","","Packaging (VERP_P)","1.0"
"[00385-00-113A] Tensioner plate","[00385-00-113A] Tensioner plate","[5990-0000-0018] Tensioner Plate cutout","Pcs","1.0","Pcs","Pre-cutted, picking only","1.0"
"","","","","","","Milling (FR4-02)","15.0"
"","","","","","","BW - Benchwork (BKW_01)","3.0"
"","","","","","","Packaging (VERP_P)","1.0"
"[00385-00-274-D] Filling block","[00385-00-274-D] Filling block","[5601-0000-0010] ALU 6082 T6 vk 70","mm","32.0","mm","Material prep (ZGN_01)","1.0"
"","","","","","","Milling (FR4-01)","8.0"
"","","","","","","Milling (FR3_01)","3.0"
"","","","","","","BW - Benchwork (BKW_01)","1.0"
"","","","","","","Packaging (VERP_P)","1.0"
"[00385-00-320-A] Plint adjust strip","[00385-00-320-A] Plint adjust strip","[5603-0000-0005] STAAL S235JRC+C blank plat 40x10","mm","26.0","mm","Material prep (ZGN_01)","1.0"
"","","","","","","Milling (FR4-01)","6.0"
"","","","","","","BW - Benchwork (BKW_01)","1.0"
"","","","","","","Passivating","2250.0"
"","","","","","","Packaging (VERP_P)","1.0"
"[00385-00-321-A] Plint fixing strip left","[00385-00-321-A] Plint fixing strip left","[5603-0000-0004] STAAL S235JRC+C blank plat 30x20","mm","42.0","mm","Material prep (ZGN_01)","1.0"
"","","","","","","Milling (FR4-01)","8.0"
"","","","","","","Milling (FR3_01)","4.0"
"","","","","","","BW - Benchwork (BKW_01)","2.0"
"","","","","","","Passivating","2250.0"
"","","","","","","Packaging (VERP_P)","1.0"
"[00385-00-329-A] End plate finger safety hinge","[00385-00-329-A] End plate finger safety hinge","[5603-0000-0006] STAAL S235JRC+C blank plat 20x5","mm","68.0","mm","Material prep (ZGN_01)","1.0"
"","","","","","","Milling (FR3_01)","3.0"
"","","","","","","BW - Benchwork (BKW_01)","1.0"
"","","","","","","Passivating","2250.0"
"","","","","","","Packaging (VERP_P)","1.0"
"[00385-00-346-A] Plint fixing strip right","[00385-00-346-A] Plint fixing strip right","[5603-0000-0004] STAAL S235JRC+C blank plat 30x20","mm","42.0","mm","Automatic Sawing (ZGN_01)","1.0"
"","","","","","","Milling (FR4-01)","8.0"
"","","","","","","Milling (FR3_01)","4.0"
"","","","","","","BW - Benchwork (BKW_01)","2.0"
"","","","","","","Passivating","2250.0"
"","","","","","","Packaging (VERP_P)","1.0"
"[00429-00-166 C] C//[Q] cradle block","[00429-00-166 C] C//[Q] cradle block","[5990-0000-0016] Gietwerk CRADLE BLOCK","Pcs","1.0","Pcs","Picking (UITG_M)","0.0"
"","","","","","","Milling (FR3_01)","40.0"
"","","","","","","Packaging (VERP_P)","1.0"
"[00429-00-249-A] Plint adjust strip","[00429-00-249-A] Plint adjust strip","[5603-0000-0013] S235JRC+C blank plat 40x10 (ca 3-3,5 mtr)","mm","26.0","mm","Material prep (ZGN_01)","1.0"
"","","","","","","Milling (FR4-01)","6.0"
"","","","","","","BW - Benchwork (BKW_01)","1.0"
"","","","","","","Passivating","2250.0"
"","","","","","","Packaging (VERP_P)","1.0"
"[00429-00-662-B] Arret lever","[00429-00-662-B] Arret lever","[5601-0000-0007] ALU 6082 T6 vk 30","mm","272.0","mm","Material prep (ZGN_01)","1.0"
"","","","","","","Milling (FR4-02)","14.0"
"","","","","","","BW - Benchwork (BKW_01)","2.0"
"","","","","","","Packaging (VERP_P)","1.0"
"[00522-01564-A] XD F&T plate plug","[00522-01564-A] XD F&T plate plug","[5601-0000-0112] ALU 6082 T6 plat 50x20","mm","35.0","mm","Material prep (ZGN_01)","1.0"
"","","","","","","Milling (FR3_01)","6.0"
"","","","","","","Milling (FR3_01)","2.0"
"","","","","","","BW - Benchwork (BKW_01)","2.0"
"","","","","","","Cleaning","2250.0"
"","","","","","","Packaging (VERP_P)","1.0"
"[00522-01696-A] bma plug 2","[00522-01696-A] bma plug 2","[5602-0000-0006] RVS 304/304L wgw plat 25x12","mm","83.0","mm","Material prep (ZGN_01)","1.0"
"","","","","","","Milling (FR4-01)","15.0"
"","","","","","","Milling (FR3_01)","5.0"
"","","","","","","BW - Benchwork (BKW_01)","3.0"
"","","","","","","Cleaning","2250.0"
"","","","","","","Packaging (VERP_P)","1.0"
"[00522-01698-A] F&T Y-D plug 1","[00522-01698-A] F&T Y-D plug 1","[5601-0000-0112] ALU 6082 T6 plat 50x20","mm","35.0","mm","Material prep (ZGN_01)","1.0"
"","","","","","","Milling (FR4-01)","6.0"
"","","","","","","Milling (FR3_01)","2.0"
"","","","","","","BW - Benchwork (BKW_01)","3.0"
"","","","","","","Cleaning","2250.0"
"","","","","","","Packaging (VERP_P)","1.0"
"[00522-01717-A] RCW plug 1","[00522-01717-A] RCW plug 1","[5601-0000-0112] ALU 6082 T6 plat 50x20","mm","35.0","mm","Material prep (ZGN_01)","1.0"
"","","","","","","Milling (FR3_01)","7.0"
"","","","","","","Milling (FR3_01)","2.0"
"","","","","","","BW - Benchwork (BKW_01)","3.0"
"","","","","","","Cleaning","2250.0"
"","","","","","","Packaging (VERP_P)","1.0"
"[00522-01718-A] RCW plug 2","[00522-01718-A] RCW plug 2","[5601-0000-0112] ALU 6082 T6 plat 50x20","mm","35.0","mm","Material prep (ZGN_01)","1.0"
"","","","","","","Milling (FR3_01)","7.0"
"","","","","","","Milling (FR3_01)","2.0"
"","","","","","","BW - Benchwork (BKW_01)","3.0"
"","","","","","","Cleaning","2250.0"
"","","","","","","Packaging (VERP_P)","1.0"
"[080-810005-A2] Valve body 3-way 2 sensors","[080-810005-A2] Valve body 3-way 2 sensors","[5601-0000-0010] ALU 6082 T6 vk 70","mm","32.0","mm","Material prep (ZGN_01)","1.0"
"","","","","","","Milling (FR5_01)","16.0"
"","","","","","","Milling (FR3_01)","2.0"
"","","","","","","Milling (FR3_01)","1.0"
"","","","","","","BW - Benchwork (BKW_01)","2.0"
"","","","","","","Anodising","2250.0"
"","","","","","","Packaging (VERP_P)","1.0"
"[082-000020-A1] Manifold coolant banjo M14","[082-000020-A1] Manifold coolant banjo M14","[5601-0000-0115] ALU 6082 T6 vk 40","mm","63.0","mm","Material prep (ZGN_01)","1.0"
"","","","","","","Milling (FR3_01)","1.0"
"","","","","","","Milling (FR5_01)","9.0"
"","","","","","","BW - Benchwork (BKW_01)","1.0"
"","","","","","","Anodising","2250.0"
"","","","","","","Packaging (VERP_P)","1.0"
"[095-500029-A 1] Filler block CNG","[095-500029-A 1] Filler block CNG","[5601-0000-0013] ALU 6082 T6 vk 60","mm","123.0","mm","Material prep (ZGN_01)","1.0"
"","","","","","","Milling (FR5_01)","18.0"
"","","","","","","Milling (FR3_01)","2.0"
"","","","","","","BW - Benchwork (BKW_01)","3.0"
"","","","","","","Anodising","2250.0"
"","","","","","","Packaging (VERP_P)","1.0"
"[1001823A] ADJ.PLATE 2 OBJ.","[1001823A] ADJ.PLATE 2 OBJ.","[5604-0000-0003] MESSING CuZn40Pb2 plat 80x20","mm","60.0","mm","Material prep (ZGN_01)","1.0"
"","","","","","","Milling (FR4-01)","25.0"
"","","","","","","Milling (FR3_01)","5.0"
"","","","","","","BW - Benchwork (BKW_01)","2.0"
"","","","","","","Packaging (VERP_P)","1.0"
"[1011113A] Cord Bracket","[1011113A] Cord Bracket","[5604-0000-0002] MESSING CuZn40Pb2 plat 30x20","mm","43.0","mm","Material prep (ZGN_01)","1.0"
"","","","","","","Milling (FR4-01)","5.0"
"","","","","","","Milling (FR4-01)","2.0"
"","","","","","","BW - Benchwork (BKW_01)","2.0"
"","","","","","","Packaging (VERP_P)","1.0"
"[1012609B] CLAMP,PIPE,NIC","[1012609B] CLAMP,PIPE,NIC","[5602-0000-0004] RVS 304/304L wgw plat 70x12","mm","68.0","mm","Material prep (ZGN_01)","1.0"
"","","","","","","Milling (FR4-01)","15.0"
"","","","","","","Milling (FR3_02)","10.0"
"","","","","","","BW - Benchwork (BKW_01)","2.0"
"","","","","","","Packaging (VERP_P)","1.0"
"[1082700B] Block cooling water TMP","[1082700B] Block cooling water TMP","[5602-0000-0024] RVS 316L wgw plat 40x25","mm","88.0","mm","Material prep (ZGN_01)","1.0"
"","","","","","","Milling (FR5_01)","36.0"
"","","","","","","Milling (FR3_01)","5.0"
"","","","","","","BW - Benchwork (BKW_01)","5.0"
"","","","","","","Packaging (VERP_P)","1.0"
"[1200745A] base wet stem quatro","[1200745A] base wet stem quatro","[5601-0000-0107] ALU 5754 H111 gzgd plaat 60x50x50","Pcs","1.0","Pcs","Picking (UITG_M)","0.0"
"","","","","","","Milling (FR5_01)","25.0"
"","","","","","","Milling (FR3_01)","6.0"
"","","","","","","Milling (FR3_01)","4.0"
"","","","","","","BW - Benchwork (BKW_01)","8.0"
"","","","","","","Sandblasting","4500.0"
"","","","","","","Nickel plating","4500.0"
"","","","","","","BW - Benchwork (BKW_01)","5.0"
"","","","","","","Packaging (VERP_P)","1.0"
"[1202210A] shackle, height adjust","[1202210A] shackle, height adjust","[5602-0000-0010] RVS 304/304L wgw plat 40x20","mm","28.0","mm","Material prep - automatic sawing (ZGN_01)","1.0"
"","","","","","","Milling (FR5_01)","0.0"
"","","","","","","Packaging (VERP_P)","1.0"
"[1202211B] fixing block, actuator","[1202211B] fixing block, actuator","[5602-0000-0037] RVS 304/304L wgw plat 25x20","mm","30.0","mm","Sawing","1.0"
"","","","","","","Milling (FR5_01)","0.0"
"","","","","","","Packaging (VERP_P)","1.0"
"[1202461A] intercon.panel,R-STEM","[1202461A] intercon.panel,R-STEM","[5601-0000-0073] ALU 6082 T651 (wgw) gzgd plaat 500x300x15","Pcs","1.0","Pcs","Milling","25.0"
"","","","","","","Packaging (VERP_P)","1.0"
"[1207568A] Cable clamp","[1207568A] Cable clamp","[5606-0000-0002] PTFE Staf FG-10/2011 XT Wit Ø10","mm","100.0","mm","Milling - OP1","20.0"
"","","","","","","Packaging (VERP_P)","1.0"
"[349520-8007-000-0107] BYPASS (BLOK)","[349520-8007-000-0107] BYPASS (BLOK)","[5602-0000-0012] RVS 304/304L wgw vk 60","mm","64.0","mm","Material prep (ZGN_01)","1.0"
"","","","","","","Milling (FR5_01)","50.0"
"","","","","","","Milling (FR3_01)","5.0"
"","","","","","","BW - Benchwork (BKW_01)","5.0"
"","","","","","","Packaging (VERP_P)","1.0"
"[4022-290-63221-D] Excenter housing z","[4022-290-63221-D] Excenter housing z","[5601-0000-0012] ALU 6082 T6 plat 60x40","mm","68.0","mm","Material prep (ZGN_01)","1.0"
"","","","","","","Milling (FR5_01)","50.0"
"","","","","","","Milling (FR3_01)","5.0"
"","","","","","","BW - Benchwork (BKW_01)","5.0"
"","","","","","","Packaging (VERP_P)","1.0"
"[4022-290-63321F] Bearing housing spindle (rev F)","[4022-290-63321F] Bearing housing spindle (rev F)","[5601-0000-0116] ALU 6082 T6 vk 80","mm","48.0","mm","Material prep (ZGN_01)","1.0"
"","","","","","","Milling (FR5_02)","1.0"
"","","","","","","Milling (FR5_01)","45.0"
"","","","","","","Milling (FR5_01)","4.0"
"","","","","","","BW - Benchwork (BKW_01)","4.0"
"","","","","","","Packaging (VERP_P)","1.0"
"[4022-333-11506] lagerblok","[4022-333-11506] lagerblok","[5602-0000-0041] RVS 430F blank rond 50h9","mm","20.0","mm","Material prep (ZGN_01)","1.0"
"","","","","","","Milling (FR3_01)","1.0"
"","","","","","","Milling (FR5_01)","21.0"
"","","","","","","Milling (FR3_01)","5.0"
"","","","","","","BW - Benchwork (BKW_01)","2.0"
"","","","","","","Packaging (VERP_P)","1.0"
"[4022-333-13805] dr pnt cilinder","[4022-333-13805] dr pnt cilinder","[5603-0000-0014] STAAL 11SMn30+C/9SMn28K blank vk 50","mm","12.0","mm","Material prep (ZGN_01)","1.0"
"","","","","","","Milling (FR5_01)","15.0"
"","","","","","","Milling (FR3_01)","1.0"
"","","","","","","Passivating","2250.0"
"","","","","","","BW - Benchwork (BKW_01)","1.0"
"","","","","","","Packaging (VERP_P)","1.0"
"[4022-333-19505] BRIL","[4022-333-19505] BRIL","[5990-0000-0014] EPRATEX PF CC201 180x140x10","Pcs","1.0","Pcs","Picking (UITG_M)","0.0"
"","","","","","","Milling (FR3_01)","10.0"
"","","","","","","BW - Benchwork (BKW_01)","3.0"
"","","","","","","Packaging (VERP_P)","1.0"
"[4022-333-40501] DUMMY KRISTAL","[4022-333-40501] DUMMY KRISTAL","[5601-0000-0108] ALU 6060 plat 40x6","mm","65.0","mm","Material prep (ZGN_01)","1.0"
"","","","","","","Milling (FR3_02)","1.0"
"","","","","","","BW - Benchwork (BKW_01)","1.0"
"","","","","","","Packaging (VERP_P)","1.0"
"[4022-333-58172] KIJKERHOUDER","[4022-333-58172] KIJKERHOUDER","[5601-0000-0009] ALU 6082 T6 vk 50","mm","103.0","mm","Material prep (ZGN_01)","1.0"
"","","","","","","Milling (FR5_01)","10.0"
"","","","","","","Milling (FR3_01)","2.0"
"","","","","","","BW - Benchwork (BKW_01)","2.0"
"","","","","","","Anodising","2250.0"
"","","","","","","Packaging (VERP_P)","1.0"
"[4022-333-58791] Filterhouder Cu 0.1","[4022-333-58791] Filterhouder Cu 0.1","[5604-0000-0005] MESSING CuZn40Pb3 plat 16x2","mm","91.0","mm","Material prep (ZGN_02)","1.0"
"","","","","","","Milling (FR4-01)","3.0"
"","","","","","","BW - Benchwork (BKW_01)","5.0"
"","","","","","","Packaging (VERP_P)","1.0"
"[4022-335-17991] Filterh. Cu0.2 Ni0.02","[4022-335-17991] Filterh. Cu0.2 Ni0.02","[5604-0000-0005] MESSING CuZn40Pb3 plat 16x2","mm","91.0","mm","Material prep (ZGN_02)","1.0"
"","","","","","","Milling (FR4-01)","3.0"
"","","","","","","BW - Benchwork (BKW_01)","5.0"
"","","","","","","Packaging (VERP_P)","1.0"
"[4022-335-71012] filter holder","[4022-335-71012] filter holder","[5604-0000-0004] MESSING CuZn40Pb2 plat 20x10","mm","40.0","mm","Material prep (ZGN_01)","1.0"
"","","","","","","Milling (FR4-01)","6.0"
"","","","","","","Milling (FR3_01)","2.0"
"","","","","","","BW - Benchwork (BKW_01)","2.0"
"","","","","","","Packaging (VERP_P)","1.0"
"[4022-337-30992] HOLDER FOR SHUTTER","[4022-337-30992] HOLDER FOR SHUTTER","[5602-0000-0040] RVS 430F blank rond 16h9","mm","54.0","mm","Material prep (ZGN_01)","1.0"
"","","","","","","Milling (FR3_01)","3.0"
"","","","","","","Milling (FR3_01)","2.0"
"","","","","","","Milling (FR3_01)","2.0"
"","","","","","","Milling (FR3_01)","2.0"
"","","","","","","BW - Benchwork (BKW_01)","2.0"
"","","","","","","Packaging (VERP_P)","1.0"
"[4022-337-33842] arret holder","[4022-337-33842] arret holder","[5602-0000-0041] RVS 430F blank rond 50h9","mm","33.0","mm","Material prep (ZGN_01)","1.0"
"","","","","","","Milling (FR3_01)","2.0"
"","","","","","","Material prep (ZGN_01)","1.0"
"","","","","","","Milling (FR5_01)","25.0"
"","","","","","","Milling (FR3_01)","8.0"
"","","","","","","BW - Benchwork (BKW_01)","3.0"
"","","","","","","Packaging (VERP_P)","1.0"
"[4022-454-25012] RING","[4022-454-25012] RING","[5601-0000-0019] ALU 6082 gzgd plaat 400x400x20","Pcs","1.0","Pcs","Picking (UITG_M)","0.0"
"","","","","","","Milling (FR3_01)","15.0"
"","","","","","","Milling (FR3_01)","25.0"
"","","","","","","BW - Benchwork (BKW_01)","5.0"
"","","","","","","Nickel plating","4500.0"
"","","","","","","Packaging (VERP_P)","1.0"
"[4022-455-01702] Sensorblock","[4022-455-01702] Sensorblock","[5601-0000-0109] ALU 6082 T651 (wgw) gzgd plaat 125x30x84","Pcs","1.0","Pcs","Material prep (ZGN_01)","1.0"
"","","","","","","Milling (FR5_01)","50.0"
"","","","","","","Milling (FR4-01)","10.0"
"","","","","","","BW - Benchwork (BKW_01)","3.0"
"","","","","","","Packaging (VERP_P)","1.0"
"[4022-455-09992] POST 2","[4022-455-09992] POST 2","[5602-0000-0003] RVS 304/304L wgw plat 40x30","mm","21.0","mm","Material prep (ZGN_01)","1.0"
"","","","","","","Milling (FR4-01)","4.0"
"","","","","","","Milling (FR3_01)","2.0"
"","","","","","","BW - Benchwork (BKW_01)","1.0"
"","","","","","","Packaging (VERP_P)","1.0"
"[4022-455-099943] post 4","[4022-455-099943] post 4","[5602-0000-0037] RVS 304/304L wgw plat 25x20","mm","27.0","mm","Material prep (ZGN_01)","1.0"
"","","","","","","Milling (FR4-01)","4.0"
"","","","","","","Milling (FR4-01)","2.0"
"","","","","","","BW - Benchwork (BKW_01)","2.0"
"","","","","","","Packaging (VERP_P)","1.0"
"[4022-455-099953] post 5","[4022-455-099953] post 5","[5602-0000-0037] RVS 304/304L wgw plat 25x20","mm","27.0","mm","Material prep (ZGN_01)","1.0"
"","","","","","","Milling (FR4-01)","4.0"
"","","","","","","Milling (FR4-01)","2.0"
"","","","","","","BW - Benchwork (BKW_01)","2.0"
"","","","","","","Packaging (VERP_P)","1.0"
"[4022-455-09997-3] post 7","[4022-455-09997-3] post 7","[5602-0000-0010] RVS 304/304L wgw plat 40x20","mm","21.0","mm","Material prep (ZGN_01)","1.0"
"","","","","","","Milling (FR4-01)","6.0"
"","","","","","","Milling (FR3_01)","1.0"
"","","","","","","Packaging (VERP_P)","1.0"
"[4022-456-08803] LENSGAS INTERFACE BLOCK","[4022-456-08803] LENSGAS INTERFACE BLOCK","[5602-0000-0041] RVS 430F blank rond 50h9","mm","20.0","mm","Material prep (ZGN_01)","1.0"
"","","","","","","Milling (FR3_01)","1.0"
"","","","","","","Milling (FR5_02)","20.0"
"","","","","","","Milling (FR3_01)","5.0"
"","","","","","","BW - Benchwork (BKW_01)","1.0"
"","","","","","","Packaging (VERP_P)","1.0"
"[4022-470-85441] 1/2TE Compens Guide 160mm","[4022-470-85441] 1/2TE Compens Guide 160mm","[5601-0000-0016] ALU 6082 T6 plat 25x15","mm","146.0","mm","Material prep (ZGN_01)","1.0"
"","","","","","","Milling (FR4-02)","10.0"
"","","","","","","Milling (FR4-01)","15.0"
"","","","","","","BW - Benchwork (BKW_01)","1.0"
"","","","","","","Packaging (VERP_P)","1.0"
"[4022-481-55761] Temp Sensor Block","[4022-481-55761] Temp Sensor Block","[5601-0000-0007] ALU 6082 T6 vk 30","mm","272.0","mm","Material prep (ZGN_01)","1.0"
"","","","","","","Milling (FR5_01)","12.0"
"","","","","","","Milling (FR3_01)","3.0"
"","","","","","","BW - Benchwork (BKW_01)","1.0"
"","","","","","","Anodising","2250.0"
"","","","","","","Packaging (VERP_P)","1.0"
"[4022-481-65971/20] UPPER CABLE CLAMP","[4022-481-65971/20] UPPER CABLE CLAMP","[5601-0000-0009] ALU 6082 T6 vk 50","mm","103.0","mm","Material prep (ZGN_01)","1.0"
"","","","","","","Milling (FR4-01)","17.0"
"","","","","","","Milling (FR4-01)","7.0"
"","","","","","","BW - Benchwork (BKW_01)","4.0"
"","","","","","","Anodising","2250.0"
"","","","","","","Packaging (VERP_P)","1.0"
"[4022-484-40911] Al fcp anti loss screw plate","[4022-484-40911] Al fcp anti loss screw plate","","","","","",""
"[4022-484-40921] Al fcp switch holder","[4022-484-40921] Al fcp switch holder","[5601-0000-0113] ALU 6082 T6 plat 50x25","mm","121.0","mm","Material prep (ZGN_01)","1.0"
"","","","","","","Milling (FR5_01)","20.0"
"","","","","","","Milling (FR3_01)","5.0"
"","","","","","","BW - Benchwork (BKW_01)","4.0"
"","","","","","","Anodising","2250.0"
"","","","","","","Packaging (VERP_P)","1.0"
"[4022-486-33041] Connector Block","[4022-486-33041] Connector Block","[5602-0000-0025] RVS 316L wgw plat 40x15","mm","23.0","mm","Material prep (ZGN_01)","1.0"
"","","","","","","Milling (FR3_01)","1.0"
"","","","","","","Milling (FR4-01)","9.0"
"","","","","","","Milling (FR3_01)","2.0"
"","","","","","","BW - Benchwork (BKW_01)","3.0"
"","","","","","","Packaging (VERP_P)","1.0"
"[4022-486-73851/40] Cable Clamp Base (M5)","[4022-486-73851/40] Cable Clamp Base (M5)","[5601-0000-0009] ALU 6082 T6 vk 50","mm","103.0","mm","Material prep (ZGN_01)","1.0"
"","","","","","","Milling (FR5_01)","23.0"
"","","","","","","Milling (FR5_02)","7.0"
"","","","","","","BW - Benchwork (BKW_01)","5.0"
"","","","","","","Anodising","2250.0"
"","","","","","","Packaging (VERP_P)","1.0"
"[4022-510-76650P19] Block POS. 19","[4022-510-76650P19] Block POS. 19","[5603-0000-0023] STAAL S355J2G3 wgw vk 90","mm","103.0","mm","Material prep (ZGN_01)","1.0"
"","","","","","","Milling (FR5_01)","10.0"
"","","","","","","Milling (FR3_01)","3.0"
"","","","","","","Packaging (VERP_P)","1.0"
"[4022-621-9185] Ynozzle Ducting V2 Cover","[4022-621-9185] Ynozzle Ducting V2 Cover","[5602-0000-0033] RVS 316L wgw plat 60x25","mm","53.0","mm","Material prep (ZGN_01)","1.0"
"","","","","","","Milling (FR5_01)","29.0"
"","","","","","","Milling (FR5_01)","26.0"
"","","","","","","BW - Benchwork (BKW_01)","3.0"
"","","","","","","Packaging (VERP_P)","1.0"
"[4022-630-67632] HINGE BLOCK BACK","[4022-630-67632] HINGE BLOCK BACK","[5602-0000-0003] RVS 304/304L wgw plat 40x30","mm","21.0","mm","Material prep (ZGN_01)","1.0"
"","","","","","","Milling (FR5_01)","25.0"
"","","","","","","Milling (FR5_01)","5.0"
"","","","","","","BW - Benchwork (BKW_01)","3.0"
"","","","","","","Packaging (VERP_P)","1.0"
"[4022-631-2166-Pos4] Pos 4","[4022-631-2166-Pos4] Pos 4","[5603-0000-0017] STAAL s235jr wgw plat 100x30","Pcs","0.0","Pcs","Material prep (ZGN_01)","1.0"
"","","","","","","Milling (FR5_02)","19.0"
"","","","","","","Milling (FR3_02)","5.0"
"","","","","","","BW - Benchwork (BKW_01)","1.0"
"","","","","","","Packaging (VERP_P)","1.0"
"[4022-631-42881] Interface y-equilizer 2","[4022-631-42881] Interface y-equilizer 2","[5602-0000-0011] RVS 304/304L wgw vk 50","mm","32.0","mm","Material prep (ZGN_01)","1.0"
"","","","","","","Milling (FR5_01)","26.0"
"","","","","","","Milling (FR3_01)","5.0"
"","","","","","","BW - Benchwork (BKW_01)","3.0"
"","","","","","","Packaging (VERP_P)","1.0"
"[4022-631-47801] Interface (FIXED)","[4022-631-47801] Interface (FIXED)","[5602-0000-0038] RVS 304/304L wgw plat 50x40","mm","157.0","mm","Material prep (ZGN_01)","1.0"
"","","","","","","Milling (FR5_02)","30.0"
"","","","","","","Milling (FR5_02)","7.0"
"","","","","","","BW - Benchwork (BKW_01)","3.0"
"","","","","","","Packaging (VERP_P)","1.0"
"[4022-631-54801] INTERFACE (ADJUSTABLE)","[4022-631-54801] INTERFACE (ADJUSTABLE)","[5602-0000-0015] RVS 304/304L wgw plat 80x30","mm","138.0","mm","Material prep (ZGN_01)","1.0"
"","","","","","","Milling (FR5_02)","50.0"
"","","","","","","Milling (FR5_02)","15.0"
"","","","","","","Milling (FR5_02)","2.0"
"","","","","","","BW - Benchwork (BKW_01)","3.0"
"","","","","","","Packaging (VERP_P)","1.0"
"[4022-631-75141] Hinge block back lm2","[4022-631-75141] Hinge block back lm2","[5602-0000-0018] RVS 304/304L wgw plat 50x20","mm","62.0","mm","Material prep (ZGN_01)","1.0"
"","","","","","","Milling (FR4-01)","15.0"
"","","","","","","Milling (FR4-01)","5.0"
"","","","","","","BW - Benchwork (BKW_01)","2.0"
"","","","","","","Packaging (VERP_P)","1.0"
"[4022-631-80291] Hinge block LR","[4022-631-80291] Hinge block LR","[5602-0000-0005] RVS 304/304L wgw plat 70x30","mm","54.0","mm","Material prep (ZGN_01)","1.0"
"","","","","","","Milling (FR5_02)","25.0"
"","","","","","","Milling (FR4-02)","10.0"
"","","","","","","BW - Benchwork (BKW_01)","3.0"
"","","","","","","Packaging (VERP_P)","1.0"
"[4022-631-80301] Hinge Block LR2 (fixed)","[4022-631-80301] Hinge Block LR2 (fixed)","[5602-0000-0005] RVS 304/304L wgw plat 70x30","mm","54.0","mm","Material prep (ZGN_01)","1.0"
"","","","","","","Milling (FR5_01)","25.0"
"","","","","","","Milling (FR3_01)","6.0"
"","","","","","","BW - Benchwork (BKW_01)","3.0"
"","","","","","","Packaging (VERP_P)","1.0"
"[4022-631-80961] Hinge block (fixed) rm2","[4022-631-80961] Hinge block (fixed) rm2","[5602-0000-0003] RVS 304/304L wgw plat 40x30","mm","21.0","mm","Material prep (ZGN_01)","1.0"
"","","","","","","Milling (FR4-01)","30.0"
"","","","","","","Milling (FR3_01)","15.0"
"","","","","","","BW - Benchwork (BKW_01)","5.0"
"","","","","","","Packaging (VERP_P)","1.0"
"[4022-631-89301] Hinge Block LM2","[4022-631-89301] Hinge Block LM2","[5602-0000-0010] RVS 304/304L wgw plat 40x20","mm","21.0","mm","Material prep (ZGN_01)","1.0"
"","","","","","","Milling (FR5_01)","25.0"
"","","","","","","Milling (FR5_02)","5.0"
"","","","","","","BW - Benchwork (BKW_01)","3.0"
"","","","","","","Packaging (VERP_P)","1.0"
"[4022-631-89311] HINGE BLOCK (FIXED) LM2","[4022-631-89311] HINGE BLOCK (FIXED) LM2","[5602-0000-0005] RVS 304/304L wgw plat 70x30","mm","54.0","mm","Material prep (ZGN_01)","1.0"
"","","","","","","Milling (FR5_01)","30.0"
"","","","","","","Milling (FR3_01)","5.0"
"","","","","","","BW - Benchwork (BKW_01)","3.0"
"","","","","","","Packaging (VERP_P)","1.0"
"[4022-631-97451] Hinge Block Back LM2","[4022-631-9745] Hinge Block Back LM2","[5602-0000-0010] RVS 304/304L wgw plat 40x20","mm","21.0","mm","Material prep (ZGN_01)","1.0"
"","","","","","","Milling (FR4-01)","12.0"
"","","","","","","Milling (FR4-01)","3.0"
"","","","","","","BW - Benchwork (BKW_01)","1.0"
"","","","","","","Packaging (VERP_P)","1.0"
"[4022-631-99701] LCW ABS PRES SENS CONN BLOCK","[4022-631-99701] LCW ABS PRES SENS CONN BLOCK","[5602-0000-0011] RVS 304/304L wgw vk 50","mm","44.0","mm","Material prep (ZGN_01)","1.0"
"","","","","","","Milling (FR5_01)","38.0"
"","","","","","","Milling (FR3_01)","5.0"
"","","","","","","BW - Benchwork (BKW_01)","5.0"
"","","","","","","Packaging (VERP_P)","1.0"
"[4022-635-17942] CA MOUNTING BLOCK","[4022-635-17942] CA MOUNTING BLOCK","[5602-0000-0006] RVS 304/304L wgw plat 25x12","mm","83.0","mm","Material prep (ZGN_01)","1.0"
"","","","","","","Milling (FR4-01)","8.0"
"","","","","","","Milling (FR3_01)","3.0"
"","","","","","","BW - Benchwork (BKW_01)","1.0"
"","","","","","","Packaging (VERP_P)","1.0"
"[4022-635-68104] IH serv mech hinge bracket low","[4022-635-68104] IH serv mech hinge bracket low","[5602-0000-0039] RVS 304/304L wgw rond 100","mm","268.0","mm","Material prep (ZGN_01)","2.0"
"","","","","","","Milling (FR3_01)","12.0"
"","","","","","","Milling (FR5_02)","120.0"
"","","","","","","Milling (FR5_02)","60.0"
"","","","","","","BW - Benchwork (BKW_01)","10.0"
"","","","","","","Packaging (VERP_P)","1.0"
"[4022-635-87282] LOCKING PLATE","[4022-635-87282] LOCKING PLATE","[5603-0000-0008] STAAL S235JRC+C blank plat 25x20","mm","100.0","mm","Material prep (ZGN_01)","1.0"
"","","","","","","Milling (FR4-02)","4.0"
"","","","","","","Milling (FR3_02)","1.0"
"","","","","","","BW - Benchwork (BKW_01)","1.0"
"","","","","","","Nickel plating","4500.0"
"","","","","","","BW - Benchwork (BKW_01)","3.0"
"","","","","","","Cleaning","2250.0"
"","","","","","","Packaging (VERP_P)","1.0"
"[4022-635-87291] HANDLE","[4022-635-87291] HANDLE","[5602-0000-0001] RVS 304/304L blank plat 25x12","mm","37.0","mm","Material prep (ZGN_01)","1.0"
"","","","","","","Milling (FR4-01)","8.0"
"","","","","","","Milling (FR3_01)","1.0"
"","","","","","","BW - Benchwork (BKW_01)","1.0"
"","","","","","","Packaging (VERP_P)","1.0"
"[4022-635-99171] Hinge block fixed 7c-e rr","[4022-635-99171] Hinge block 7c-e rr","[5602-0000-0005] RVS 304/304L wgw plat 70x30","mm","54.0","mm","Material prep (ZGN_02)","1.0"
"","","","","","","Milling (FR5_01)","60.0"
"","","","","","","Milling (FR3_01)","5.0"
"","","","","","","BW - Benchwork (BKW_01)","5.0"
"","","","","","","Packaging (VERP_P)","1.0"
"[4022-637-11821] HINGE BLOCK LF","[4022-637-11821] HINGE BLOCK LF","[5602-0000-0009] RVS 304/304L wgw plat 100x20","mm","50.0","mm","Material prep (ZGN_01)","1.0"
"","","","","","","Milling (FR5_01)","20.0"
"","","","","","","Milling (FR3_01)","7.0"
"","","","","","","BW - Benchwork (BKW_01)","3.0"
"","","","","","","Packaging (VERP_P)","1.0"
"[4022-637-24142] HINGE BLOCK FIXED RF","[4022-637-24142] HINGE BLOCK FIXED RF","[5602-0000-0003] RVS 304/304L wgw plat 40x30","mm","21.0","mm","Material prep (ZGN_01)","1.0"
"","","","","","","Milling (FR5_02)","30.0"
"","","","","","","Milling (FR4-02)","10.0"
"","","","","","","BW - Benchwork (BKW_01)","3.0"
"","","","","","","Packaging (VERP_P)","1.0"
"[4022-637-24191] HINGE BLOCK RF","[4022-637-24191] HINGE BLOCK RF","[5602-0000-0009] RVS 304/304L wgw plat 100x20","mm","50.0","mm","Material prep (ZGN_01)","1.0"
"","","","","","","Milling (FR5_01)","25.0"
"","","","","","","Milling (FR5_01)","6.0"
"","","","","","","BW - Benchwork (BKW_01)","2.0"
"","","","","","","Packaging (VERP_P)","1.0"
"[4022-637-29291] Hinge Block rm","[4022-637-29291] Hinge Block rm","[5602-0000-0010] RVS 304/304L wgw plat 40x20","mm","21.0","mm","Material prep (ZGN_01)","1.0"
"","","","","","","Milling (FR4-02)","15.0"
"","","","","","","Milling (FR3_01)","7.0"
"","","","","","","BW - Benchwork (BKW_01)","4.0"
"","","","","","","Packaging (VERP_P)","1.0"
"[4022-637-29301] Hinge Block Fixed RM","[4022-637-29301] Hinge Block Fixed RM","[5602-0000-0003] RVS 304/304L wgw plat 40x30","mm","21.0","mm","Material prep (ZGN_01)","1.0"
"","","","","","","Milling (FR4-02)","20.0"
"","","","","","","Milling (FR4-02)","5.0"
"","","","","","","Milling (FR4-02)","5.0"
"","","","","","","BW - Benchwork (BKW_01)","3.0"
"","","","","","","Packaging (VERP_P)","1.0"
"[4022-637-29381] Hinge Block LM","[4022-637-29381] Hinge Block LM","[5602-0000-0010] RVS 304/304L wgw plat 40x20","mm","21.0","mm","Material prep (ZGN_01)","1.0"
"","","","","","","Milling (FR5_01)","20.0"
"","","","","","","Milling (FR3_01)","4.0"
"","","","","","","BW - Benchwork (BKW_01)","2.0"
"","","","","","","Packaging (VERP_P)","1.0"
"[4022-637-29391] Hinge block fixed LM","[4022-637-29391] Hinge block fixed LM","[5602-0000-0003] RVS 304/304L wgw plat 40x30","mm","21.0","mm","Material prep (ZGN_01)","1.0"
"","","","","","","Milling (FR4-02)","30.0"
"","","","","","","Milling (FR4-02)","5.0"
"","","","","","","Milling (FR4-02)","5.0"
"","","","","","","BW - Benchwork (BKW_01)","3.0"
"","","","","","","Packaging (VERP_P)","1.0"
"[4022-637-32081] IH SERVE MECH HINGE BRACKET","[4022-637-32081] IH SERVE MECH HINGE BRACKET","","","","","",""
"[4022-637-45782] Interface hinge block fixed RF","[4022-637-45782] Interface hinge block fixed RF","[5601-0000-0002] ALU 5083 gzgd plaat 160x80x30","Pcs","1.0","Pcs","Picking (UITG_M)","0.0"
"","","","","","","Milling (FR5_02)","30.0"
"","","","","","","Milling (FR3_01)","5.0"
"","","","","","","BW - Benchwork (BKW_01)","3.0"
"","","","","","","Nickel plating","4500.0"
"","","","","","","Packaging (VERP_P)","1.0"
"[4022-637-68442] IH HINGE BRACKET TOP HINGE","[4022-637-68442] IH HINGE BRACKET TOP HINGE","[5603-0000-0011] STAAL S355J2C+C ngl plat 60x40","mm","51.0","mm","Material prep (ZGN_01)","1.0"
"","","","","","","Milling (FR5_01)","8.0"
"","","","","","","Milling (FR3_01)","3.0"
"","","","","","","BW - Benchwork (BKW_01)","2.0"
"","","","","","","Packaging (VERP_P)","1.0"
"[4022-639-54042] YS gripper detect mirro block","[4022-639-54042] YS gripper detect mirro block","[5602-0000-0015] RVS 304/304L wgw plat 80x30","mm","138.0","mm","Material prep (ZGN_01)","1.0"
"","","","","","","Milling (FR5_02)","17.0"
"","","","","","","Milling (FR5_02)","5.0"
"","","","","","","BW - Benchwork (BKW_01)","3.0"
"","","","","","","Packaging (VERP_P)","1.0"
"[4022-642-33571] Support beam LM","[4022-642-33571] Support beam LM","[5601-0000-0003] ALU 5083 gzgd plaat 465x165x15","Pcs","1.0","Pcs","Picking (UITG_M)","0.0"
"","","","","","","Milling (FR3_02)","3.0"
"","","","","","","Milling (FR3_02)","30.0"
"","","","","","","Milling (FR3_02)","14.0"
"","","","","","","BW - Benchwork (BKW_01)","5.0"
"","","","","","","Nickel plating","4500.0"
"","","","","","","Packaging (VERP_P)","1.0"
"[4022-646-17071] NXE wsmr 2 Fan guide rail","[4022-646-17071] NXE wsmr 2 Fan guide rail","[5601-0000-0008] ALU 6082 T6 plat 40x20","mm","155.0","mm","Material prep (ZGN_01)","1.0"
"","","","","","","Milling (FR3_01)","10.0"
"","","","","","","Milling (FR3_01)","2.0"
"","","","","","","BW - Benchwork (BKW_01)","1.0"
"","","","","","","Packaging (VERP_P)","1.0"
"[4022-646-17131] Divider plate 6HE Special","[4022-646-1713-1] Divider plate 6HE Special","[5601-0000-0008] ALU 6082 T6 plat 40x20","mm","155.0","mm","Material prep (ZGN_01)","1.0"
"","","","","","","Milling (FR4-02)","18.0"
"","","","","","","Milling (FR3_01)","10.0"
"","","","","","","BW - Benchwork (BKW_01)","2.0"
"","","","","","","Packaging (VERP_P)","1.0"
"[4022-651-14271] NXT WS MK41 DC TEMP CONN PLATE","[4022-651-14271] NXT WS MK41 DC TEMP CONN PLATE","[5602-0000-0025] RVS 316L wgw plat 40x15","mm","11.0","mm","Material prep (ZGN_01)","1.0"
"","","","","","","Milling (FR4-01)","12.0"
"","","","","","","BW - Benchwork (BKW_01)","1.0"
"","","","","","","Packaging (VERP_P)","1.0"
"","","","","","","Cleaning","2250.0"
"","","","","","","Packaging (VERP_P)","1.0"
"[4022-651-55002A] Gpas preamp CB Box + cover assy","[4022-651-55002A] Gpas preamp CB Box + cover assy","[5602-0000-0023] RVS 316L wgw vk 80","mm","58.0","mm","Material prep (ZGN_01)","1.0"
"","","","","","","Milling (FR5_01)","60.0"
"","","","","","","Milling (FR5_02)","35.0"
"","","","","","","BW - Benchwork (BKW_01)","4.0"
"","","","","","","Packaging (VERP_P)","1.0"
"[4022-656-73531] Pipe clamp exhaust FW 1980","[4022-656-73531] Pipe clamp exhaust FW 1980","[5602-0000-0013] RVS 304/304L blank plat 50x8","mm","33.0","mm","Material prep (ZGN_01)","1.0"
"","","","","","","Milling (FR4-02)","4.0"
"","","","","","","BW - Benchwork (BKW_01)","2.0"
"","","","","","","Packaging (VERP_P)","1.0"
"[4022-656-74553] Assy support guide FW 1980","[4022-656-74553] Assy support guide FW 1980","","","","","",""
"[4022-656-75183] Non loosable block M4","[4022-656-75183] Non loosable block M4","[5602-0000-0008] RVS 304/304L wgw plat 35x20","mm","63.0","mm","Material prep (ZGN_01)","1.0"
"","","","","","","Milling (FR4-01)","7.0"
"","","","","","","Milling (FR4-01)","3.0"
"","","","","","","BW - Benchwork (BKW_01)","1.0"
"","","","","","","Packaging (VERP_P)","1.0"
"[4022-656-75212] Non loosable block M5","[4022-656-75212] Non loosable block M5","[5602-0000-0008] RVS 304/304L wgw plat 35x20","mm","57.0","mm","Material prep (ZGN_01)","1.0"
"","","","","","","Milling (FR4-01)","5.0"
"","","","","","","Milling (FR4-01)","3.0"
"","","","","","","BW - Benchwork (BKW_01)","1.0"
"","","","","","","Packaging (VERP_P)","1.0"
"[4022-656-92231] Exhaust fw bridge 1980","[4022-656-92231] Exhaust fw bridge 1980","[5601-0000-0015] ALU 6082 T6 plat 80x10","mm","140.0","mm","Material prep (ZGN_01)","1.0"
"","","","","","","Milling (FR3_02)","8.0"
"","","","","","","Anodising","2250.0"
"","","","","","","Packaging (VERP_P)","1.0"
"[4022-659-99092] YS ML Guardrail Park Block","[4022-659-99092] YS ML Guardrail Park Block","","","","","",""
"[4022-659-99111] YS ML Park Block Handle","[4022-659-99111] YS ML Park Block Handle","","","","","",""
"[4022-664-3390-1] NXE HP SL SLEC EOM CP ARM BACK","[4022-664-3390-1] NXE HP SL SLEC EOM CP ARM BACK","[5602-0000-0007] RVS 304/304L wgw plat 30x15","mm","48.0","mm","Material prep (ZGN_01)","1.0"
"","","","","","","Milling (FR4-01)","12.0"
"","","","","","","Milling (FR4-01)","11.0"
"","","","","","","BW - Benchwork (BKW_01)","4.0"
"","","","","","","Packaging (VERP_P)","1.0"
"[4022-666-18121] Distance Bush 1","[4022-666-18121] Distance Bush 1","[5602-0000-0017] RVS 304/304L blank vk 10","mm","16.0","mm","Material prep (ZGN_01)","1.0"
"","","","","","","Milling (FR3_01)","9.0"
"","","","","","","BW - Benchwork (BKW_01)","2.0"
"","","","","","","Packaging (VERP_P)","1.0"
"[4022-666-3837-1] LSPH Bellow Clamp","[4022-666-3837-1] LSPH Bellow Clamp","[5990-0000-0017] LSPH Bellow Clamp cutout","Pcs","1.0","Pcs","Milling (FR3_01)","5.0"
"","","","","","","Milling (FR3_01)","3.0"
"","","","","","","BW - Benchwork (BKW_01)","2.0"
"","","","","","","Packaging (VERP_P)","1.0"
"[4022-666-65702(R1)] LSPH coverplate stud block","[4022-666-65702(R1)] LSPH coverplate stud block","[5601-0000-0009] ALU 6082 T6 vk 50","mm","3.6667","mm","Material prep (ZGN_01)","1.0"
"","","","","","","Milling (FR4-01)","13.0"
"","","","","","","Milling (FR3_01)","5.0"
"","","","","","","BW - Benchwork (BKW_01)","1.0"
"","","","","","","Anodising","2250.0"
"","","","","","","Packaging (VERP_P)","1.0"
"[4022-671-49051] Bpam cover","[4022-671-49051] Bpam cover","[5601-0000-0150] ALU 6082 T6 plat 120x20 ","mm","110.0","mm","Material prep (ZGN_02)","1.0"
"","","","","","","BW - Benchwork (BKW_01)","1.0"
"","","","","","","Milling (FR3_02)","13.0"
"","","","","","","Milling (FR3_02)","3.0"
"","","","","","","Packaging (VERP_P)","1.0"
"[4022-671-49061] Bpam front 1","[4022-671-49061] Bpam front 1","[5601-0000-0008] ALU 6082 T6 plat 40x20","mm","106.0","mm","Material prep (ZGN_01)","1.0"
"","","","","","","Milling (FR3_01)","10.0"
"","","","","","","Milling (FR3_01)","5.0"
"","","","","","","Packaging (VERP_P)","1.0"
"[4022-671-49073] Bpam front 2","[4022-671-49073] Bpam front 2","[5601-0000-0008] ALU 6082 T6 plat 40x20","mm","155.0","mm","Material prep (ZGN_01)","1.0"
"","","","","","","Milling (FR3_01)","16.0"
"","","","","","","Milling (FR3_02)","5.0"
"","","","","","","Packaging (VERP_P)","1.0"
"[4022-673-67281] Serv Mech Hinge Bracket Low","[4022-673-67281] Serv Mech Hinge Bracket Low","[5603-0000-0016] STAAL S235JR rond Ø100","mm","263.0","mm","Material prep (ZGN_01)","1.0"
"","","","","","","Milling (FR3_01)","120.0"
"","","","","","","Milling (FR5_01)","0.0"
"","","","","","","Milling (FR5_01)","0.0"
"","","","","","","BW - Benchwork (BKW_01)","1.0"
"","","","","","","Nickel plating","4500.0"
"","","","","","","Packaging (VERP_P)","1.0"
"[4022-673-68701] AR Hinge Bracket Bottom Hinge","[4022-673-68701] AR Hinge Bracket Bottom Hinge","[5603-0000-0010] STAAL S355J2C+C ngl plat 100x50","mm","152.0","mm","Material prep (ZGN_02)","1.0"
"","","","","","","Milling (FR5_02)","50.0"
"","","","","","","Milling (FR3_01)","10.0"
"","","","","","","BW - Benchwork (BKW_01)","10.0"
"","","","","","","Packaging (VERP_P)","1.0"
"[4022-674-35671] MBI WS LTT SSXY MAN PLUG","[4022-674-3567] MBI WS LTT SSXY MAN PLUG","[5601-0000-0113] ALU 6082 T6 plat 50x25","mm","121.0","mm","Material prep (ZGN_01)","1.0"
"","","","","","","Milling (FR3_01)","9.0"
"","","","","","","Milling (FR3_01)","8.0"
"","","","","","","Milling (FR3_01)","2.0"
"","","","","","","BW - Benchwork (BKW_01)","1.0"
"","","","","","","Anodising","2250.0"
"","","","","","","Packaging (VERP_P)","1.0"
"[4022-674-3569] MBI WS LTT HS MAN PLUG","[4022-674-3569] MBI WS LTT HS MAN PLUG","[5601-0000-0008] ALU 6082 T6 plat 40x20","mm","155.0","mm","Material prep (ZGN_01)","1.0"
"","","","","","","Milling (FR3_01)","4.0"
"","","","","","","Milling (FR3_01)","2.0"
"","","","","","","BW - Benchwork (BKW_01)","1.0"
"","","","","","","Anodising","2250.0"
"","","","","","","Packaging (VERP_P)","1.0"
"[4022-677-28751] LPAM Front 1","[4022-677-28751] LPAM Front 1","","","","","",""
"[4022-677-28761] LPAM Front 2","[4022-677-28761] LPAM Front 2","","","","","",""
"[4022-680-5023] MBI WS MK2 F&T BMA CONNECT 1","[4022-680-5023] MBI WS MK2 F&T BMA CONNECT 1","[5602-0000-0026] RVS 316L wgw vk 40","mm","0.0","mm","Material prep (ZGN_01)","1.0"
"","","","","","","Milling (FR5_02)","0.0"
"","","","","","","Passivating","2250.0"
"[4022-680-5025] MBI WS MK2 F&T BMA CONNECT","[4022-680-5025] MBI WS MK2 F&T BMA CONNECT","[5602-0000-0026] RVS 316L wgw vk 40","mm","0.0","mm","Material prep (ZGN_01)","1.0"
"","","","","","","Milling (FR5_02)","0.0"
"","","","","","","Passivating","2250.0"
"[4022-680-78322] SR ML SF EXTENSION PLATE","[4022-680-78321] SR ML SF EXTENSION PLATE","[5601-0000-0020] ALU 6082 gzgd plaat 1035x170x70","Pcs","1.0","Pcs","Picking (UITG_M)","0.0"
"","","","","","","Milling (FR3_01)","10.0"
"","","","","","","Milling (FR3_01)","45.0"
"","","","","","","Milling (FR3_01)","15.0"
"","","","","","","Milling (FR3_01)","40.0"
"","","","","","","Milling (FR3_01)","110.0"
"","","","","","","BW - Benchwork (BKW_01)","15.0"
"","","","","","","Packaging (VERP_P)","1.0"
"","","","","","","Anodising","2250.0"
"","","","","","","Packaging (VERP_P)","5.0"
"[4022-680-9064-119] Block","[4022-680-9064-119] Block","[5602-0000-0005] RVS 304/304L wgw plat 70x30","mm","54.0","mm","Material prep (ZGN_01)","1.0"
"","","","","","","Milling (FR4-01)","13.0"
"","","","","","","Milling (FR3_01)","5.0"
"","","","","","","BW - Benchwork (BKW_01)","2.0"
"","","","","","","Packaging (VERP_P)","1.0"
"[4022-683-10451] Brace","[4022-683-10451] Brace","[5602-0000-0005] RVS 304/304L wgw plat 70x30","mm","54.0","mm","Material prep (ZGN_01)","1.0"
"","","","","","","Milling (FR4-01)","18.0"
"","","","","","","Milling (FR3_01)","4.0"
"","","","","","","BW - Benchwork (BKW_01)","2.0"
"","","","","","","Packaging (VERP_P)","1.0"
"[4022-683-92261] DC Brace","[4022-683-92261] DC Brace","[5602-0000-0035] RVS 304/304L blank plat 30x40","Pcs","0.0","Pcs","Material prep (ZGN_01)","1.0"
"","","","","","","Milling (FR4-01)","12.0"
"","","","","","","Milling (FR3_01)","5.0"
"","","","","","","BW - Benchwork (BKW_01)","2.0"
"","","","","","","Packaging (VERP_P)","1.0"
"[4022-689-46621] MBI WS CARRIER SSZ CAP","[4022-689-4662] MBI WS CARRIER SSZ CAP","[5601-0000-0110] ALU 6082 gzgd plaat rest materiaal","Pcs","1.0","Pcs","Material prep (ZGN_01)","1.0"
"","","","","","","Milling (FR5_01)","19.0"
"","","","","","","Milling (FR3_01)","1.0"
"","","","","","","Anodising","2250.0"
"","","","","","","BW - Benchwork (BKW_01)","1.0"
"","","","","","","Packaging (VERP_P)","1.0"
"[4022-689-4666] MBI WS CARRIER EPIN CAP","[4022-689-4666] MBI WS CARRIER EPIN CAP","[5601-0000-0114] ALU 6082 T6 plat 60x20","mm","0.0","mm","Material prep (ZGN_01)","1.0"
"","","","","","","Milling (FR5_01)","20.0"
"","","","","","","Milling (FR3_01)","1.0"
"","","","","","","Anodising","2250.0"
"","","","","","","BW - Benchwork (BKW_01)","1.0"
"","","","","","","Packaging (VERP_P)","1.0"
"[4022-706-4753] EXE REMA TT Clamp Block 1","[4022-706-4753] EXE REMA TT Clamp Block 1","","","","","",""
"[4023-000-32142A] CAM IF ROT ADJUST SSM","[4023-000-32142A] CAM IF ROT ADJUST SSM","[5601-0000-0010] ALU 6082 T6 vk 70","mm","32.0","mm","Material prep (ZGN_01)","1.0"
"","","","","","","Milling (FR5_01)","45.0"
"","","","","","","Milling (FR5_02)","15.0"
"","","","","","","BW - Benchwork (BKW_01)","3.0"
"","","","","","","Anodising","2250.0"
"","","","","","","Packaging (VERP_P)","1.0"
"[4023-000-34941B] SIDE ROTATIONADJUST SSM","[4023-000-34941B] SIDE ROTATIONADJUST SSM","[5601-0000-0010] ALU 6082 T6 vk 70","mm","32.0","mm","Material prep (ZGN_01)","1.0"
"","","","","","","Milling (FR5_01)","18.0"
"","","","","","","Milling (FR5_01)","5.0"
"","","","","","","BW - Benchwork (BKW_01)","2.0"
"","","","","","","Anodising","2250.0"
"","","","","","","Packaging (VERP_P)","1.0"
"[4023-000-35711A] DUST KEEPER RING","[4023-000-35711A] DUST KEEPER RING","[5601-0000-0017] ALU 6082 T6 plat 100x20","mm","100.0","mm","Material prep (ZGN_01)","1.0"
"","","","","","","Milling (FR3_01)","2.0"
"","","","","","","Milling (FR5_01)","20.0"
"","","","","","","BW - Benchwork (BKW_01)","3.0"
"","","","","","","Anodising","2250.0"
"","","","","","","Packaging (VERP_P)","1.0"
"[4023-001-14761B] Cover Cupdetect dual L","[4023-001-14761B] Cover Cupdetect dual L","[5601-0000-0010] ALU 6082 T6 vk 70","mm","32.0","mm","Milling (FR5_01)","22.0"
"","","","","","","Milling (FR3_01)","0.0"
"","","","","","","Painting","9000.0"
"","","","","","","Packaging (VERP_P)","1.0"
"[4023-001-14841C] Cover Cupdetect dual R","[4023-001-14841C] Cover Cupdetect dual R","[5601-0000-0009] ALU 6082 T6 vk 50","mm","103.0","mm","Material prep (ZGN_01)","1.0"
"","","","","","","Milling (FR5_01)","16.0"
"","","","","","","Milling (FR3_01)","3.0"
"","","","","","","Painting","9000.0"
"","","","","","","Packaging (VERP_P)","1.0"
"[4023-001-43251B] Block detection RI","[4023-001-43251B] Block detection RI","","","","","",""
"[4023-001-43261B] Block detection LE","[4023-001-43261B] Block detection LE","","","","","",""
"[4023-002-15671] filter plate Cu0.2-Zr0.08","[4023-002-15671] filter plate Cu0.2-Zr0.08","[5604-0000-0005] MESSING CuZn40Pb3 plat 16x2","mm","91.0","mm","Material prep (ZGN_02)","1.0"
"","","","","","","Milling (FR4-01)","3.0"
"","","","","","","BW - Benchwork (BKW_01)","5.0"
"","","","","","","Packaging (VERP_P)","1.0"
"[4023-002-36531] filter plate wide Cu0.2","[4023-002-36531] filter plate wide Cu0.2","[5604-0000-0005] MESSING CuZn40Pb3 plat 16x2","mm","91.0","mm","Material prep (ZGN_02)","1.0"
"","","","","","","Milling (FR4-01)","3.0"
"","","","","","","BW - Benchwork (BKW_01)","5.0"
"","","","","","","Packaging (VERP_P)","1.0"
"[4023-002-36551] filter plate wide Cu0.4 Rh0.06","[4023-002-36551] filter plate wide Cu0.4 Rh0.06","[5604-0000-0005] MESSING CuZn40Pb3 plat 16x2","mm","91.0","mm","Material prep (ZGN_02)","1.0"
"","","","","","","Milling (FR4-01)","3.0"
"","","","","","","BW - Benchwork (BKW_01)","5.0"
"","","","","","","Packaging (VERP_P)","1.0"
"[4023-002-36601] filter plate wide Rh0.06","[4023-002-36601] filter plate wide Rh0.06","[5604-0000-0005] MESSING CuZn40Pb3 plat 16x2","mm","91.0","mm","Material prep (ZGN_02)","1.0"
"","","","","","","Milling (FR4-01)","3.0"
"","","","","","","BW - Benchwork (BKW_01)","5.0"
"","","","","","","Packaging (VERP_P)","1.0"
"[4023-003-94951-A] filter plate Cu0.2-Zr0.16","[4023-003-94951-A] filter plate Cu0.2-Zr0.16","[5604-0000-0005] MESSING CuZn40Pb3 plat 16x2","mm","91.0","mm","Material prep (ZGN_02)","1.0"
"","","","","","","Milling (FR4-01)","3.0"
"","","","","","","BW - Benchwork (BKW_01)","5.0"
"","","","","","","Packaging (VERP_P)","1.0"
"[4512-127-05186B] Anschlag","[4512-127-05186B] Anschlag","[5990-0000-0012] Ensat-SBS zelfsn.draadbus M6x12 Stl.gh.","Pcs","1.0","Pcs","Material prep (ZGN_01)","1.0"
"","","","","","","Milling (FR4-01)","2.0"
"","","","","","","BW - Benchwork (BKW_01)","1.0"
"","","","","","","Packaging (VERP_P)","1.0"
"","","[5601-0000-0008] ALU 6082 T6 plat 40x20","mm","41.0","mm","Material prep (ZGN_01)","1.0"
"","","","","","","Milling (FR4-01)","2.0"
"","","","","","","BW - Benchwork (BKW_01)","1.0"
"","","","","","","Packaging (VERP_P)","1.0"
"[4522-128-81532A POS 1] CEILING INLET ASSY","[4522-128-81532A POS 1] CEILING INLET ASSY","","","","","",""
"[4522-128-81532A POS 2] CEILING INLET*","[4522-128-81532A POS 2] CEILING INLET*","[5990-0000-0013] EPRAFORM PC helder rond Ø125","mm","43.0","mm","Material prep (ZGN_01)","1.0"
"","","","","","","Milling (FR4-02)","25.0"
"","","","","","","Milling (FR3_01)","4.0"
"","","","","","","BW - Benchwork (BKW_01)","2.0"
"","","","","","","Painting","9000.0"
"","","","","","","Packaging (VERP_P)","1.0"
"[4522-980-37881] Filterplate al.20","[4522-980-37881] Filterplate al.20","[5601-0000-0117] ALU 99.5 40HV UN-T136 plaat 145x145x25","Pcs","1.0","Pcs","Picking (UITG_M)","0.0"
"","","","","","","Milling (FR3_02)","8.0"
"","","","","","","BW - Benchwork (BKW_01)","1.0"
"","","","","","","Packaging (VERP_P)","1.0"
"[4522-980-37891] Filterplate al 5","[4522-980-37891] Filterplate al 5","[5601-0000-0118] ALU 99.5 40HV UN-T136 plaat 145x145x6","Pcs","1.0","Pcs","Picking (UITG_M)","0.0"
"","","","","","","Milling (FR3_02)","8.0"
"","","","","","","BW - Benchwork (BKW_01)","1.0"
"","","","","","","Packaging (VERP_P)","1.0"
"[4598-008-08901B POS 1] CEILING INLET*","[4598-008-08901B POS 1] CEILING INLET*","[5990-0000-0013] EPRAFORM PC helder rond Ø125","mm","43.0","mm","Material prep (ZGN_01)","1.0"
"","","","","","","Milling (FR4-02)","25.0"
"","","","","","","Milling (FR3_01)","4.0"
"","","","","","","BW - Benchwork (BKW_01)","3.0"
"","","","","","","Painting","9000.0"
"","","","","","","Packaging (VERP_P)","1.0"
"[4598-011-70891B] ENDPLATE","[4598-011-70891B] ENDPLATE","[5602-0000-0002] RVS 304/304L blank plat 60x10","mm","86.0","mm","Material prep (ZGN_01)","1.0"
"","","","","","","BW - Benchwork (BKW_01)","1.0"
"","","","","","","Milling (FR4-01)","8.0"
"","","","","","","BW - Benchwork (BKW_01)","1.0"
"","","","","","","Passivating","2250.0"
"[6001-1315-5405] Clamping Lever","[6001-1315-5405] Clamping Lever","[5601-0000-0121] ALU 6082 T6 663x50x20mm (pre-cutted Clamping Lever)","Pcs","1.0","Pcs","Picking (UITG_M)","0.0"
"","","","","","","Milling (FR3_02)","5.0"
"","","","","","","Packaging (VERP_P)","1.0"
"[9091469-3-00] Vingerhouder","[9091469-3-00] Vingerhouder","[5603-0000-0015] STAAL 40CrMnM07 wgw plat 80x40","mm","92.0","mm","Material prep (ZGN_01)","1.0"
"","","","","","","Milling (FR4-02)","20.0"
"","","","","","","Milling (FR4-02)","15.0"
"","","","","","","BW - Benchwork (BKW_01)","3.0"
"","","","","","","Packaging (VERP_P)","1.0"
"[B620261-5] COOLING HOUSE","[B620261-5] COOLING HOUSE","[5602-0000-0036] RVS 304/304L gzgd plaat 745x285x20","Pcs","1.0","Pcs","Picking (UITG_M)","0.0"
"","","","","","","Milling (FR3_01)","60.0"
"","","","","","","Milling (FR3_01)","480.0"
"","","","","","","BW - Benchwork (BKW_01)","90.0"
"","","","","","","Cleaning","2250.0"
"","","","","","","Packaging (VERP_P)","1.0"
"[BD50-5075-009-E] bracket","[BD50-5075-009-E] bracket","[5601-0000-0021] ALU 7075 T79511 hoekprofiel 20x16x1.2","mm","140.0","mm","Material prep (ZGN_02)","1.0"
"","","","","","","Milling (FR3_01)","4.0"
"","","","","","","BW - Benchwork (BKW_01)","2.0"
"","","","","","","Packaging (VERP_P)","1.0"
"","","","","","","Chromising","4500.0"
"","","","","","","Packaging (VERP_P)","1.0"
"[GF3116T006L] Carriage","[GF3116T006L] Carriage","[5601-0000-0001] ALU 5083 6z gzgd plaat 120x110x15","Pcs","1.0","Pcs","Milling (FR3_01)","1.0"
"","","","","","","Milling (FR4-02)","27.0"
"","","","","","","Milling (FR4-02)","14.0"
"","","","","","","Nickel plating","4500.0"
"","","","","","","BW - Benchwork (BKW_01)","1.0"
"[GO3181T051C] CID Ventilblock (ASCO)","[GO3181T051C] CID Ventilblock (ASCO)","[5601-0000-0106] ALU 5083 gzgd plaat 103x65x25","Pcs","1.0","Pcs","Picking (UITG_M)","0.0"
"","","","","","","Milling (FR5_01)","50.0"
"","","","","","","Milling (FR3_01)","1.0"
"","","","","","","Milling (FR3_01)","1.0"
"","","","","","","BW - Benchwork (BKW_01)","5.0"
"","","","","","","Packaging (VERP_P)","1.0"
"[GO3213T056C] [V] frontdeckel (1841462)","[GO3213T056C] [V] frontdeckel (1841462)","[5601-0000-0004] ALU 5083 2z gefr plaat 1730x240x20","Pcs","1.0","Pcs","Picking (UITG_M)","0.0"
"","","","","","","Milling (FR3_01)","50.0"
"","","","","","","Milling (FR3_01)","45.0"
"","","","","","","Milling (FR3_01)","20.0"
"","","","","","","Milling (FR3_01)","2.0"
"","","","","","","BW - Benchwork (BKW_01)","30.0"
"","","","","","","Nickel plating","4500.0"
"","","","","","","Packaging (VERP_P)","1.0"
"[GO3220T101B] Ventillblock vxe 1834191","[GO3220T101B] Ventillblock vxe 1834191","[5601-0000-0010] ALU 6082 T6 vk 70","mm","32.0","mm","Material prep (ZGN_01)","1.0"
"","","","","","","Milling (FR5_01)","45.0"
"","","","","","","Milling (FR3_01)","5.0"
"","","","","","","BW - Benchwork (BKW_01)","5.0"
"","","","","","","Packaging (VERP_P)","1.0"
"[GO4910T001B] Klemmaufnahme","[GO4910T001B] Klemmaufnahme","[5601-0000-0009] ALU 6082 T6 vk 50","mm","103.0","mm","Material prep (ZGN_01)","1.0"
"","","","","","","Milling (FR5_01)","20.0"
"","","","","","","Milling (FR5_01)","7.0"
"","","","","","","BW - Benchwork (BKW_01)","2.0"
"","","","","","","Anodising","2250.0"
"","","","","","","Packaging (VERP_P)","1.0"
"[M.459800425070/1] Spring brake suspension","[M.459800425070/1] Spring brake suspension","","","","","",""
"[M0216-01-091A] Bev. Klitteband","[M0216-01-091A] Bev. Klitteband","[5601-0000-0111] ALU 6060 T66 plat 30x5","mm","30.0","mm","Material prep (ZGN_01)","1.0"
"","","","","","","Milling (FR3_01)","0.0"
"","","","","","","Material prep (ZGN_01)","1.0"
"","","","","","","BW - Benchwork (BKW_01)","1.0"
"","","","","","","Packaging (VERP_P)","1.0"
"[M0216-01-363-B] nul-graden arretsegment","[M0216-01-363-B] nul-graden arretsegment","[5603-0000-0018] STAAL s235jr wgw plat 70x20","mm","250.0","mm","Material prep (ZGN_01)","1.0"
"","","","","","","Milling (FR3_02)","3.0"
"","","","","","","Milling (FR3_02)","28.0"
"","","","","","","BW - Benchwork (BKW_01)","2.0"
"","","","","","","Passivating","2250.0"
"","","","","","","Packaging (VERP_P)","1.0"
"[S325F3116200B] Bracket","[S325F3116200B] Bracket","[5601-0000-0105] ALU 2024-T351 gecert. 110x15x10","Pcs","1.0","Pcs","Picking (UITG_M)","0.0"
"","","","","","","Milling (FR3_01)","8.0"
"","","","","","","Milling (FR3_01)","2.0"
"","","","","","","Packaging (VERP_P)","1.0"
"[4022.622.61092] RH RED GRIPPER CABLE COVER ","[4022.622.61092] RH RED GRIPPER CABLE COVER","","","","","",""
"[4022.684.31831] RH RED IR SENSOR BRKT ","[4022.684.31831] RH RED IR SENSOR BRKT","","","","","",""
"[4022.684.32042] RH RED DYNAMIC STRAIN RELIEF B ","[4022.684.32042] RH RED DYNAMIC STRAIN RELIEF B","","","","","",""
"[4022.684.32031] RH RED DYNAMIC STRAIN RELIEF A","[4022.684.32031] RH RED DYNAMIC STRAIN RELIEF A","","","","","",""
"[4022.684.32071] RH RED STATIC STRAIN RELIEF C","[4022.684.32071] RH RED STATIC STRAIN RELIEF C","","","","","",""
"[4022.704.19302] RH RED STATIC STRAIN RELIEF A","[4022.704.19302] RH RED STATIC STRAIN RELIEF A","","","","","",""
"[4022.704.19332] RH RED STATIC STRAIN RELIEF B ","[4022.704.19332] RH RED STATIC STRAIN RELIEF B","","","","","",""
"[4022-637-11831] HINGE BLOCK FIXED LF","HaDo Products","[5602-0000-0016] RVS 304/304L wgw plat 100x30","mm","50.0","mm","Material prep (ZGN_01)","1.0"
"","","","","","","Machining (M5-02)","25.0"
"","","","","","","Machining (M4-02)","10.0"
"","","","","","","Benchwork (BKW_01)","5.0"
"","","","","","","Packaging (VERP_P)","1.0"
"[4022-706-4754] EXE REMA TT Clamp block 2","HaDo Products","[5601-0000-0122] ALU 6082 T6 vk 90","mm","63.0","mm","",""
"[4022-706-47551] EXE REMA TT Hinge  Block 1","HaDo Products","[5601-0000-0013] ALU 6082 T6 vk 60","mm","158.0","mm","Material prep (ZGN_01)","1.0"
"","","","","","","Milling (FR5_01)","16.0"
"","","","","","","Milling (FR3_01)","3.0"
"","","","","","","Anodising + Cleaning","4500.0"
"","","","","","","Packaging (VERP_P)","1.0"
"[4022-706-4756] EXE REMA TT Hinge Block 2","HaDo Products","[5601-0000-0013] ALU 6082 T6 vk 60","mm","158.0","mm","Material prep (ZGN_01)","1.0"
"","","","","","","Milling (FR5_01)","16.0"
"","","","","","","Milling (FR3_01)","3.0"
"","","","","","","Anodising + Cleaning","4500.0"
"","","","","","","Packaging (VERP_P)","1.0"
"[4022-706-4757] EXE REMA TT Clamp Block 3","HaDo Products","[5601-0000-0123] ALU 6082 T6 vk 100","mm","233.0","mm","Material prep (ZGN_01)","1.0"
"","","","","","","Milling (FR5_01)","40.0"
"","","","","","","Milling (FR3_01)","15.0"
"","","","","","","Anodising + Cleaning","4500.0"
"","","","","","","Packaging (VERP_P)","1.0"
"[4022-451-22761B] RS Lock MF-X Spring Block","HaDo Products","[5990-0000-0019] Customer supplied material - RS Lock MF-X Spring Block","Pcs","1.0","Pcs","Picking (UITG_M)","1.0"
"","","","","","","Milling (FR3_01)","11.0"
"","","","","","","Milling (FR3_01)","2.0"
"","","","","","","Anodising","2250.0"
"","","","","","","Packaging (VERP_P)","1.0"
"[BSIM-00000978 Rev. AC] BOTTOM PLATER RESERVOIR","HaDo Products","[5990-0000-0020] Customer supplied material - BOTTOM PLATER RESERVOIR","Pcs","1.0","Pcs","Picking (UITG_M)","1.0"
"","","","","","","Milling (FR3_01)","6.0"
"","","","","","","Packaging (VERP_P)","1.0"
"[1034719 C] KM Heatsink SR5 70X10X25 rev C","HaDo Products","[5990-0000-0021] Customer supplied material - KM Heatsink SR5 70X10X25 rev C","Pcs","1.0","Pcs","Picking (UITG_M)","1.0"
"","","","","","","Milling (FR4-02)","7.0"
"","","","","","","Milling (FR4-02)","3.0"
"","","","","","","Cleaning","2250.0"
"","","","","","","Packaging (VERP_P)","1.0"
"[7187549] 4023 005 82993-A.step","YNQ","","","","","",""
"[7188780] 4023 005 84622-A.step","YNQ","","","","","",""
"[7189853] 4023 005 92341-A.step","YNQ","","","","","",""
"[7190421] 4023 005 94211-A.step","YNQ","","","","","",""
"[7191167] 4023 005 94911-B.step","YNQ","","","","","",""
"[7192888] 4023 006 01751-A.step","YNQ","","","","","",""
"[4022-451-22801B] RS Lock MF-X Preload Housing","[4022-451-22801B] RS Lock MF-X Preload Housing","[5601-0000-0025] ALU 6082 T651 (wgw) gzgd plaat 125x30","mm","105.0","mm","Automatic Sawing (ZGN_01)","1.0"
"","","","","","","Milling (M5-03)","20.0"
"","","","","","","Milling (M5-03)","10.0"
"","","","","","","Anodize","2250.0"
"","","","","","","Packing (VERP_P)","1.0"
"[BD50-5085-013-C] bracket","[BD50-5085-013-C] bracket","[5601-0000-0021] ALU 7075 T79511 hoekprofiel 20x16x1.2","mm","60.0","mm","MP2 - Material preparation - manual sawing (ZGN_02)","1.0"
"","","","","","","M3-01 - Accuwell - 3axis - Manual (FR3_01)","6.0"
"","","","","","","BW - Benchwork (BKW_01)","2.0"
"","","","","","","PACK - Packaging (VERP_P)","1.0"
"","","","","","","Chromatize","4500.0"
"","","","","","","PACK - Packaging (VERP_P)","1.0"
"[4022-630-65212] Hinge Block Back","[4022-630-65212] Hinge Block Back","[5602-0000-0003] RVS 304/304L wgw plat 40x30","mm","53.0","mm","MP1 - Material preparation - automatic sawing (ZGN_01)","1.0"
"","","","","","","M5-01 - Accuwell - 5axis - Pallet automaton (FR5_01)","20.0"
"","","","","","","M5-01 - Accuwell - 5axis - Pallet automaton (FR5_01)","4.0"
"","","","","","","BW - Benchwork (BKW_01)","3.0"
"","","","","","","PACK - Packaging (VERP_P)","1.0"
"[7044485] Plaat v4.step","M24","","","","","",""
"[7045341] Opname draaischijf v13.step","M24","","","","","",""
"[7046329] Steun zwenkcylinder v4.step","M24","","","","","",""
"[7047537] Schuivervoet v2.step","M24","","","","","",""
"[7048678] Schuiverhouder v4.step","M24","","","","","",""
"[7049493] Draaischijf v10.step","M24","","","","","",""
"[7050762] Flens draaischijf v5.step","M24","","","","","",""
"[368556] 3428591-66666.step","M24","","","","","",""
"[7038211] P02003.STEP","M24","","","","","",""
"[7039225] P02004.STEP","M24","","","","","",""
"[7055240] P04200C Housing PRM5 13,5mm inner radius.STEP","M24","","","","","",""
"[7056485] P04201.STEP","M24","","","","","",""
"[7200886] Tab removal fixture V01.STEP","YNQ","","","","","",""
"[7199773] Machining Clamp-v03.stp","YNQ","","","","","",""
"[7067859] Verlenging vinger M4 v3.step","M24","","","","","",""
"[7057581] Adapterplaat klokhouder v10.step","M24","","","","","",""
"[7071795] Printbed.STEP","M24","","","","","",""
"[7072642] P1501-M8001-00 - Draft - 2024-11-15.stp","M24","","","","","",""
"[7214393] PRT-2080_dof_3_hip_r_REV.step","YNQ","","","","","",""
"[7215594] PRT-2088_dof_3_hip_l_REV.step","YNQ","","","","","",""
"[7075941] P1524-M1051-01.STEP","M24","","","","","",""
"[7076611] P1524-M1055-04.STEP","M24","","","","","",""
"[4022-631-54801] INTERFACE (ADJUSTABLE)","","[5602-0000-0015] RVS 304/304L wgw plat 80x30","mm","138.0","mm","Material prep (ZGN_01)","1.0"
"","","","","","","Milling (FR5-02)","50.0"
"","","","","","","Milling (FR5-02)","15.0"
"","","","","","","Milling (FR5-02)","2.0"
"","","","","","","BW - Benchwork (BKW_01)","3.0"
"","","","","","","Packaging (VERP_P)","1.0"
"[7201947] spacer_block^sample_holder_october24.sldprt","YNQ","","","","","",""
"[7202144] fork.SLDPRT","YNQ","","","","","",""
"[7203451] death_cap.SLDPRT","YNQ","","","","","",""
"[7204568] top_plate_nov.SLDPRT","YNQ","","","","","",""
"[7205771] EUV_Shield.SLDPRT","YNQ","","","","","",""
"[7206553] front_plate.SLDPRT","YNQ","","","","","",""
"[7207632] slider^sample_holder_october24_v1.sldprt","YNQ","","","","","",""
"[7085715] V5185358_AA-Custom_foot_base.stp","M24","","","","","",""
"[7221906] 000793263.step","YNQ","","","","","",""
"[7087454] RD032-M0014-00.STEP","M24","","","","","",""
"[7077759] Cover mount.STEP","M24","","","","","",""
"[7078399] Gantry.STEP","M24","","","","","",""
"[7079807] motor to rails.STEP","M24","","","","","",""
"[7080456] Probe_Mount.STEP","M24","","","","","",""
"[7083905] Printbed.STEP","M24","","","","","",""
"[7088857] P1517-M2110-00.stp","M24","","","","","",""
"[7089998] P1517-M2210-00.stp","M24","","","","","",""
"[7090555] P1517-M2310-00.stp","M24","","","","","",""
"[7091508] P1517-M2410-00.stp","M24","","","","","",""
"[7093677] P1517-M1012-00.stp","M24","","","","","",""
"[7095500] P1517-M1022-00.stp","M24","","","","","",""
"[7099380] P1517-M1054-00.stp","M24","","","","","",""
"[7100719] P1517-M1055-00.stp","M24","","","","","",""
"[7104151] P1517-M1161-00.stp","M24","","","","","",""
"[7105575] P1517-M1162-00.stp","M24","","","","","",""
"[7106120] P1517-M1355-00.stp","M24","","","","","",""
"[7107628] P1517-M1361-00.stp","M24","","","","","",""
"[7108158] P1517-M1362-00.stp","M24","","","","","",""
"[7109179] P1517-M1461-00.stp","M24","","","","","",""
"[7110338] P1517-M1462-00.stp","M24","","","","","",""
"[Mal-130 wz 04] Lagerhuis","[Mal-130 wz 04] Lagerhuis","staal S235JRC blank plat 50x25","mm","160.0","mm","material prep (zgn_01)","1.0"
"","","","","","","Milling (FR3_01)","9.0"
"","","","","","","Milling (FR3_01)","9.0"
"","","","","","","Milling (FR3_01)","5.0"
"","","","","","","Nickel plating","4500.0"
"","","","","","","PACK - Packaging (VERP_P)","1.0"
"[7131942] P1517-M1051-01.stp","M24","","","","","",""
"[7118288] Shortside rib.STEP","M24","","","","","",""
"[7119603] End rib.STEP","M24","","","","","",""
"[7120354] Connection strip.STEP","M24","","","","","",""
"[7121703] Straight segment V-track.STEP","M24","","","","","",""
"[7122309] Curved segment V-track.STEP","M24","","","","","",""
"[7124502] Straight segment flat track.STEP","M24","","","","","",""
"[7125883] Curved segment flat track.STEP","M24","","","","","",""
"[7163327] RD044-M0003.STEP","M24","","","","","",""
"[7164618] RD044-M0004.STEP","M24","","","","","",""
"[7165466] RD044-M0005.STEP","M24","","","","","",""
"[X0846711] X0846711 ","","[5603-0000-0024] Blank C45+C/C45k vk30","mm","70.0","mm","",""
"[7239895] accelero_cube_1part_drilled.STEP","YNQ","","","","","",""
"[7241523] 4023 006 26341.stp","YNQ","","","","","",""
"[7242779] 4023 006 26661.stp","YNQ","","","","","",""
"[7243806] 4023 006 26681.stp","YNQ","","","","","",""
"[7208585] vfr800_front_caliper_delink_bracket_v1_2025Jan20_2106.step","M24","","","","","",""
"[7248314] 4023 006 16561 CLAMP 4X.stp","YNQ","","","","","",""
"[7249414] 4023 006 19871 Tube Protector.stp","YNQ","","","","","",""
"[7245531] Chip_plate_holder.STEP","YNQ","","","","","",""
"[7246981] Peltier_Holder_Adjusted.STEP","YNQ","","","","","",""
"[7247297] Tubing_holder.STEP","YNQ","","","","","",""
"[7244675] V4_fluidic_holder_CAVA2025_TightCooling.STEP","YNQ","","","","","",""
"[7254223] 4023 006 31221-A.stp","YNQ","","","","","",""
"[4022-637-39621] BLOCK FOR LOCKING SCREW ","[4022-637-39621] BLOCK FOR LOCKING SCREW","[5602-0000-0047] RVS 304/304L blank plat 30x25","mm","74.5","mm","Material prep (ZGN_01)","1.0"
"","","","","","","Milling (FR5_01)","15.0"
"","","","","","","Milling (FR3_01)","3.0"
"","","","","","","BW - Benchwork","2.0"
"","","","","","","Packaging (VERP_P)","1.0"
"[M.P04743] Koppelstrip bovenligger iGate","","[5990-0000-0023] Customer supplied material - [M.P04743] Koppelstrip bovenligger iGate","Pcs","1.0","Pcs","Material prep - Picking","1.0"
"","","","","","","Milling - FR3_01","0.0"
"","","","","","","BW - Bnchwork","1.0"
"","","","","","","Packaging (VERP_P)","1.0"
"[4022-699-03382] EXE WS MP XZ LOCK WEDGE","","[5990-0000-0024] Customer supplied material - EXE WS MP XZ LOCK WEDGE","Pcs","1.0","Pcs","",""
"[4022-669-93452] SERV FLR MKII BM IF HOOK","[4022-669-93452] SERV FLR MKII BM IF HOOK","[5990-0000-0025] Customer supplied material - SERV FLR MKII BM IF HOOK","Pcs","1.0","Pcs","Material prep - customer delivered","60.0"
"","","","","","","Milling - FR5_01","14.0"
"","","","","","","BW - Benchwork (BKW_01)","1.0"
"","","","","","","PACK - Packaging (VERP_P)","1.0"
"[7005-2480-0090] METROFRAME BODY V02-00-B / 0119073001 ","[7005-2480-0090] METROFRAME BODY V02-00-B / 0119073001","[5601-0000-0155] ALU 5083 gegoten gzgd plaat 590x460x150","Pcs","1.0","Pcs","Milling - OP1+2","360.0"
"","","","","","","Milling - OP3/9","700.0"
"[7005-2480-0170] CABLE GUIDE / 0119073006","","","","","","",""
"[7201703] MOTOR MOUNT / PROTO","[7201703] MOTOR MOUNT / PROTO","[5601-0000-0040] ALU 5083 H111 (wgw) gzgd plaat 125x30","mm","185.0","mm","Milling","0.0"
"","","","","","","CAM","76.0"
"[7202812] PRINTBED / PROTO","[7202812] PRINTBED / PROTO","[5601-0000-0040] ALU 5083 H111 (wgw) gzgd plaat 125x30","mm","255.0","mm","Zagen","60.0"
"","","","","","","Milling","30.0"
"[7199932]  BASE SHUTTLE / PROTO","[7199932]  BASE SHUTTLE / PROTO","[5601-0000-0159] ALU 5083 6z gzgd 125x60","mm","157.0","mm","CAM","396.0"
"","","","","","","Milling","88.0"
"[4022.684.31572] RH RED TURRET ELEC COVER C","[4022.684.31572] RH RED TURRET ELEC COVER C","[5601-0000-0160] ALU 5083 gegoten gefreesd gzgd plaat 500x350x12mm ","Pcs","1.0","Pcs","Picking","1.0"
"","","","","","","Milling","188.0"
"[7200759] MAGNET HOLDER / PROTO","[7200759] MAGNET HOLDER / PROTO","[5601-0000-0051] ALU 5083 H111 (wgw) gzgd plaat 200x15","mm","0.0","mm","CAM","186.0"
"","","","","","","Milling","28.0"
"[7204469] ENCODERPLATE / PROTO","[7204469] ENCODERPLATE / PROTO","[5601-0000-0051] ALU 5083 H111 (wgw) gzgd plaat 200x15","mm","510.0","mm","CAM","138.0"
"","","","","","","Milling","66.0"
"[7206913] BOTTOM PLATE / PROTO","[7206913] BOTTOM PLATE / PROTO","[5601-0000-0040] ALU 5083 H111 (wgw) gzgd plaat 125x30","mm","330.0","mm","CAM","78.0"
"","","","","","","Milling","27.0"
"[4022.622.61941] RH RED FRAME -X COVER","[4022.622.61941] RH RED FRAME -X COVER","[5601-0000-0161] ALU 6082 T651 (wgw) gzgd plaat 500x365x100 ","Pcs","1.0","Pcs","CAM","1290.0"
"","","","","","","Milling","978.0"
"[4022.622.61761] RH RED EBOX MONO","[4022.622.61761] RH RED EBOX MONO","[5601-0000-0162] ALU 6082 T651 (wgw) gzgd plaat 240x180x150","Pcs","1.0","Pcs","CAM","1068.0"
"","","","","","","Milling","594.0"
"[7205666] STIFFENER / PROTO","[7205666] STIFFENER / PROTO","[5601-0000-0165] ALU 5083 H111 (wgw) gzgd plaat 465x310x25","Pcs","1.0","Pcs","CAM","102.0"
"","","","","","","Milling","134.0"
"Dummy encoder block / P1350-M1100-02 ","Dummy encoder block / P1350-M1100-02","[5601-0000-0164] RVS 303 (1.4305) wgw rond 210x235","Pcs","1.0","Pcs","CAM","1440.0"
"","","","","","","Milling","534.0"
"[7123100] SPINDLE TO RAILS / PROTO","[7123100] SPINDLE TO RAILS / PROTO","[5601-0000-0044] ALU 5083 H111 (wgw) gzgd plaat 50x50","mm","30.0","mm","Zagen","1.0"
"","","","","","","CAM","96.0"
"","","","","","","Milling","12.0"
"[7005-2580-0001] Stroke Limiter Plate ZY-L / 26223910","[7005-2580-0001] Stroke Limiter Plate ZY-L / 26223910","[5601-0000-0029] ALU 6082 T651 (wgw) gzgd plaat 50x50","mm","40.0","mm","Zagen","1.0"
"","","","","","","Milling","21.0"
"[7005-2580-0003] Stroke Limiter Plate RX-R / 26223908","[7005-2580-0003] Stroke Limiter Plate RX-R / 26223908","[5601-0000-0023] ALU 6082 T651 (wgw) gzgd plaat 75x30","mm","50.0","mm","Zagen","1.0"
"","","","","","","Milling","25.0"
"[7005-2480-0180] TORSION RELIEF RING / 0119073007","[7005-2480-0180] TORSION RELIEF RING","[5602-0000-0031] RVS 316L wgw plat 80x20","mm","420.0","mm","Zagen","1.0"
"","","","","","","Milling","16.0"
"[7005-2480-0130] CABLE COVER 1 / 0119073003","[7005-2480-0130] CABLE COVER 1 / 0119073003","[5602-0000-0049] RVS 316L kgw finish 2B plaat 2000x1000x4","Pcs","0.0625","Pcs","Zagen","1.0"
"","","","","","","Milling","105.0"
"[7005-2580-0005] Single Rail / IGUS / WSQ-06S","[7005-2580-0005] Single Rail / IGUS / WSQ-06S","Single rail WSQ - not drilled / IGUS / WSQ-06S","Pcs","1.0","Pcs","Sawing","1.0"
"","","","","","","Milling","6.0"
"[7005-2480-0140] CABLE COVER 2 / 0119073004","[7005-2480-0140] CABLE COVER 2 / 0119073004","[5602-0000-0049] RVS 316L kgw finish 2B plaat 2000x1000x4","Pcs","0.0625","Pcs","Knippen","1.0"
"","","","","","","Milling","85.0"
"[7005-2480-0170] CABLE GUIDE / 0119073006","[7005-2480-0170] CABLE GUIDE / 0119073006","[5608-0000-0001] PEEK gzgd 190x100x20","Pcs","1.0","Pcs","OP1/OP2","15.0"
"[7247694] P1517-M4006-00.stp","M24","[5605-0000-0029] POM-C wit gzgd plaat 500x250x16","Pcs","1.0","Pcs","milling","23.0"
"[7248956] P1517-M4001-00.stp","M24","[5605-0000-0030] POM-C wit gzgd plaat 125x75x60","Pcs","1.0","Pcs","Milling","32.0"
"[7249674] P1517-M4002-00.stp","M24","[5605-0000-0031] POM-C wit gzgd plaat 175x75x60","Pcs","1.0","Pcs","Milling","39.0"
"[7250207] P1517-M4003-00.stp","M24","[5605-0000-0032] POM-C wit gzgd plaat 150x75x80","Pcs","1.0","Pcs","Milling","41.0"
"[7251860] P1517-M4004-00.stp","M24","[5605-0000-0033] POM-C wit gzgd plaat 150x105x80","Pcs","1.0","Pcs","Milling","58.0"
"[7258128] P1517-M3001-00.stp","M24","","","","","",""
"[7259797] P1517-M3003-01.stp","M24","","","","","",""
"[7007-2500-0001] TL 1 – Feet B / IAH ","[7007-2500-0001] TL 1 – Feet B / IAH","[5601-0000-0166] ALU 5083 H111 (wgw) plaat 360x300x45mm","Pcs","1.0","Pcs","CAM","60.0"
"","","","","","","OPx","60.0"
"[4022-631-80951] Hinge block rm2","[4022-631-80951] Hinge block rm2","[5602-0000-0010] RVS 304/304L wgw plat 40x20","mm","32.0","mm","",""
"[Z4610360] Slide / Geleider","[Z4610360] Slide / Geleider","[5609-0000-0001] PA6 Polyamide Plaat Gegoten Naturel 2550x1275x20mm","Pcs","1.0","Pcs","",""
"[4022.683.44771] RH NXE RED RZ ENC PLATE SPPRT","[4022.683.44771] RH NXE RED RZ ENC PLATE SPPRT","[5601-0000-0022] ALU 6082 T651 (wgw) gzgd plaat 50x30","mm","80.0","mm","Sawing","1.0"
"","","","","","","Milling","18.0"
"[7005-2580-0002] Stroke Limiter Plate ZY-R / 26223909","[7005-2580-0002] Stroke Limiter Plate ZY-R / 26223909","[5601-0000-0029] ALU 6082 T651 (wgw) gzgd plaat 50x50","mm","0.0","mm","",""
"[7305419] 26243902 Mounting Base V02-00.STEP","[7305419] 26243902 Mounting Base V02-00.STEP","[5605-0000-0007] POM-C wit/naturel gzgd plaat 150x50","mm","295.0","mm","Milling OP1","40.0"
"","","","","","","Milling OP2","62.0"
"[7306642] 26250610 Cleaning Bar V01-01.STEP","M24","[5605-0000-0034] POM-C wit gzgd plaat 700x300x20","Pcs","1.0","Pcs","",""
"[7261698] P1464-M1011-00.stp","M24","[5601-0000-0013] ALU 6082 T6 vk 60","mm","60.0","mm","Sawing","1.0"
"","","","","","","Milling","32.0"
"[7262299] P1464-M1024-00.stp","M24","","","","","",""
"[7263714] P1464-M1027-00.stp","M24","[5601-0000-0013] ALU 6082 T6 vk 60","mm","60.0","mm","Sawing","1.0"
"","","","","","","Milling","29.0"
"[7264118] P1464-M2001-00.stp","M24","[5601-0000-0031] ALU 6082 T651 (wgw) gzgd plaat 100x50","mm","85.0","mm","Sawing","1.0"
"","","","","","","Milling","26.0"
"[7265172] P1464-M2003-00.stp","M24","[5601-0000-0036] ALU 6082 T651 (wgw) gzgd plaat 200x15","mm","430.0","mm","Sawing","1.0"
"","","","","","","Milling","120.0"
"[7266236] P1464-M2010-00.stp","M24","[5601-0000-0167] ALU 6082 T651 (wgw) gzgd plaat 395x250x20","Pcs","1.0","Pcs","Picking","60.0"
"","","","","","","Milling - OP1","35.0"
"","","","","","","Milling - OP2","55.0"
"[7267848] P1464-M2015-00.stp","M24","[5601-0000-0043] ALU 5083 H111 (wgw) gzgd plaat 200x30","mm","360.0","mm","Sawing","1.0"
"[7268468] P1464-M2016-00.stp","M24","[5601-0000-0032] ALU 6082 T651 (wgw) gzgd plaat 125x50","mm","155.0","mm","Sawing","1.0"
"","","","","","","Milling","61.0"
"[7269980] P1464-M2017-00.stp","M24","[5601-0000-0031] ALU 6082 T651 (wgw) gzgd plaat 100x50","mm","85.0","mm","Sawing","1.0"
"[7270733] P1464-M2018-00.stp","M24","[5601-0000-0034] ALU 6082 T651 (wgw) gzgd plaat 175x50","mm","355.0","mm","Sawing","1.0"
"[7271654] P1464-M2020-00.stp","M24","[5601-0000-0010] ALU 6082 T6 vk 70","mm","70.0","mm","Sawing","1.0"
"","","","","","","Milling","38.0"
"[7272248] P1464-M2025-00.stp","M24","[5601-0000-0025] ALU 6082 T651 (wgw) gzgd plaat 125x30","mm","255.0","mm","Sawing","1.0"
"[7273889] P1464-M2029-00.stp","M24","","","","","",""
"[7274976] P1464-M2031-00.stp","M24","[5601-0000-0024] ALU 6082 T651 (wgw) gzgd plaat 100x30","mm","150.0","mm","Sawing","1.0"
"[7275100] P1464-M2045-00.stp","M24","[5601-0000-0168] ALU 6082 T651 (wgw) gzgd plaat 465x275x20","Pcs","1.0","Pcs","Picking, pre--cutted","1.0"
"[7276589] P1464-M2054-00.stp","M24","[5601-0000-0169] ALU 6082 T651 (wgw) gzgd plaat 325x275x20","Pcs","1.0","Pcs","Picking","1.0"
"[7277682] P1464-M2055-00.stp","M24","[5601-0000-0167] ALU 6082 T651 (wgw) gzgd plaat 395x250x20","Pcs","1.0","Pcs","Picking, pre-cutted","1.0"
"","","","","","","Milling - OP1","36.0"
"","","","","","","Milling - OP2","63.0"
"[7278476] P1464-M2057-00.stp","M24","[5601-0000-0032] ALU 6082 T651 (wgw) gzgd plaat 125x50","mm","390.0","mm","Sawing","1.0"
"","","","","","","Milling","0.0"
"[7279297] P1464-M2059-00.stp","M24","[5601-0000-0024] ALU 6082 T651 (wgw) gzgd plaat 100x30","mm","185.0","mm","Sawing","60.0"
"[7282747] P1464-M2066-00.stp","M24","[5601-0000-0024] ALU 6082 T651 (wgw) gzgd plaat 100x30","mm","40.0","mm","Sawing","1.0"
"[7283800] P1464-M3103-00.stp","M24","[5601-0000-0025] ALU 6082 T651 (wgw) gzgd plaat 125x30","mm","185.0","mm","Sawing","1.0"
"[7284774] P1464-M3105-00.stp","M24","[5601-0000-0024] ALU 6082 T651 (wgw) gzgd plaat 100x30","mm","90.0","mm","Sawing","60.0"
"[7285159] P1464-M3203-00.stp","M24","[5601-0000-0010] ALU 6082 T6 vk 70","mm","20.0","mm","Sawing","60.0"
"[7286825] P1464-M3204-00.stp","M24","[5601-0000-0024] ALU 6082 T651 (wgw) gzgd plaat 100x30","mm","220.0","mm","Sawing","1.0"
"[7287806] P1464-M4001-00.stp","M24","[5601-0000-0029] ALU 6082 T651 (wgw) gzgd plaat 50x50","mm","250.0","mm","Sawing","1.0"
"[7288826] P1464-M4011-00.stp","M24","[5601-0000-0036] ALU 6082 T651 (wgw) gzgd plaat 200x15","mm","360.0","mm","Sawing","1.0"
"[7289337] P1464-M2068-00.stp","M24","[5605-0000-0015] POM-C zwart gzgd plaat 100x50","mm","55.0","mm","Sawing","60.0"
"","","","","","","Milling","11.0"
"[7290605] P1464-M3030-00.stp","M24","[5605-0000-0013] POM-C zwart gzgd plaat 150x30","mm","255.0","mm","Sawing","1.0"
"","","","","","","Milling - OP1","60.0"
"","","","","","","Milling - OP2","24.0"
"[7291692] P1464-M3055-00.stp","M24","[5605-0000-0003] POM-C wit/naturel gzgd plaat 100x30","mm","325.0","mm","Sawing","1.0"
"","","","","","","Milling","67.0"
"[7292240] P1464-M3201-00.stp","M24","[5605-0000-0003] POM-C wit/naturel gzgd plaat 100x30","mm","40.0","mm","Sawing","1.0"
"[7302598] P1464-M1012-00.stp","M24","[5601-0000-0013] ALU 6082 T6 vk 60","mm","50.0","mm","Sawing","1.0"
"","","","","","","Milling","24.0"
"[7308680] P1464-M1022-00.stp","M24","[5605-0000-0003] POM-C wit/naturel gzgd plaat 100x30","mm","195.0","mm","Sawing","1.0"
"[4022.684.31711] RH RED RZ STOP LEFT MOUNT","[4022.684.31711] RH RED RZ STOP LEFT MOUNT","[5602-0000-0050] RVS 316L wgw plat 80x40","mm","45.0","mm","",""
"[4022.684.31741] RH RED RZ STOP RIGHT MOUNT","[4022.684.31741] RH RED RZ STOP RIGHT MOUNT","[5602-0000-0050] RVS 316L wgw plat 80x40","mm","45.0","mm","",""
"[7258936] Prototype2-fixture-Main-bottom.STEP","YNQ","[5601-0000-0031] ALU 6082 T651 (wgw) gzgd plaat 100x50","mm","50.0","mm","",""
"[7259858] Prototype2-fixture-Main-top.STEP","YNQ","[5601-0000-0026] ALU 6082 T651 (wgw) gzgd plaat 150x30","mm","60.0","mm","Milling","53.0"
"[7260713] Prototype2-fixture-support.STEP","YNQ","[5601-0000-0023] ALU 6082 T651 (wgw) gzgd plaat 75x30","mm","100.0","mm","",""
"[7313890] P1464-M5006-00.stp","M24","[5601-0000-0023] ALU 6082 T651 (wgw) gzgd plaat 75x30","mm","55.0","mm","Sawing","1.0"
"[7314593] P1464-M2060-01.stp","M24","[5601-0000-0025] ALU 6082 T651 (wgw) gzgd plaat 125x30","mm","220.0","mm","Sawing","1.0"
"[7005-2480-0120] ENCODER MOUNT PLATE / 0119073002","[7005-2480-0120] ENCODER MOUNT PLATE / 0119073002","[5602-0000-0031] RVS 316L wgw plat 80x20","mm","82.0","mm","Milling","43.0"
"[7005-2580-0006] GP Z-Adjustment Lever / 26241001","[7005-2580-0006] GP Z-Adjustment Lever / 26241001","[5602-0000-0051] RVS 304/304L wgw plat 90x20","mm","125.0","mm","Sawing","1.0"
"","","","","","","Milling","115.0"
"[7005-2580-0007] Support block / 07201506","[7005-2580-0007] Support block / 07201506","[5602-0000-0052] RVS 304/304L wgw plat 120x60","mm","230.0","mm","Sawing","1.0"
"[26251090 PEU Filter Holder R V] PEU Quick Release RIGHT","M24","[5605-0000-0013] POM-C zwart gzgd plaat 150x30","mm","80.0","mm","Sawing 1","1.0"
"","","","","","","Sawing 2","1.0"
"","","","","","","Milling - OP1","18.0"
"","","","","","","Milling - OP2","33.0"
"[26251091 PEU Filter Holder L V] PEU Quick Release LEFT","M24","[5605-0000-0013] POM-C zwart gzgd plaat 150x30","mm","80.0","mm","Sawing 1","1.0"
"","","","","","","Sawing 2","1.0"
"","","","","","","Milling - OP1","18.0"
"","","","","","","Milling - OP2","33.0"
"[7005-2400-0100] 02200903 encoder scale mount bracket V01-01 electropolished / 02200903 V01-01","[7005-2400-0100] 02200903 encoder scale mount bracket V01-01 electropolished / 02200903 V01-01","[5602-0000-0031] RVS 316L wgw plat 80x20","mm","11.0","mm","Sawing","60.0"
"[00528-11400-A] RM BM MOT PCA INT MID","[00528-11400-A] RM BM MOT PCA INT MID","[5605-0000-0003] POM-C wit/naturel gzgd plaat 100x30","mm","150.0","mm","Sawing","1.0"
"","","","","","","Milling","52.0"
"[7262799] KR71001001977.stp","YNQ","[5601-0000-0044] ALU 5083 H111 (wgw) gzgd plaat 50x50","mm","70.0","mm","Sawing","1.0"
"","","","","","","Milling","40.0"
"[10007434A] coil clamp body pin side","[10007434A] coil clamp body pin side","[5601-0000-0023] ALU 6082 T651 (wgw) gzgd plaat 75x30","mm","85.0","mm","Sawing","1.0"
"","","","","","","Milling","59.0"
"[10007432A] coil clamp body threaded side","[10007432A] coil clamp body threaded side","[5601-0000-0023] ALU 6082 T651 (wgw) gzgd plaat 75x30","mm","85.0","mm","Sawing","1.0"
"","","","","","","Milling","57.0"
"[00528-02746-A] hoisting bridge","New BoM from TBRM /MO/00429","[5602-0000-0054] RVS 316L wgw geschild rond 390","mm","90.0","mm","",""
"[00528-02720-A] leaf spring middle interface","New BoM from TBRM /MO/00428","[5602-0000-0053] RVS 304/304L wgw geschild rond 110","mm","140.0","mm","",""
"[10005158B] gearbox side cover","[10005158B] gearbox side cover","[5601-0000-0170] Alu 5083 gegoten 6 zijdig gezaagd 465x300x50 ","Pcs","1.0","Pcs","Picking (pre-cutted)","1.0"
"","","","","","","Milling","340.0"
"[10007537A] bearing block small","[10007537A] bearing block small","[5601-0000-0031] ALU 6082 T651 (wgw) gzgd plaat 100x50","mm","70.0","mm","Sawing","1.0"
"","","","","","","Milling","93.0"
"[104009586] HALFFAB_M_BLOCK_RH_LEFT","[104009586] HALFFAB_M_BLOCK_RH_LEFT","[5603-0000-0020] STAAL S355J2 rond Ø180","mm","365.0","mm","Picking, pre-cutted","1.0"
"[104009581] HALFFAB_M_BLOCK_RH_RIGHT","[104009581] HALFFAB_M_BLOCK_RH_RIGHT","[5603-0000-0020] STAAL S355J2 rond Ø180","mm","365.0","mm","Picking, pre-cutted","1.0"
"[104009583] HALFFAB_M_MOUNTING_BLCK_FRNT_R","[104009583] HALFFAB_M_MOUNTING_BLCK_FRNT_R","[5603-0000-0021] STAAL S355J2 rond Ø130","mm","345.0","mm","Picking, pre-cutted","1.0"
"[104009584] HALFFAB_M_MOUNTING_BLCK_FRNT_L","[104009584] HALFFAB_M_MOUNTING_BLCK_FRNT_L","[5603-0000-0021] STAAL S355J2 rond Ø130","mm","345.0","mm","Picking, pre-cutted","1.0"
"[7005-2540-0001] C beam v01-03 / 07201507","[7005-2540-0001] C beam v01-03 / 07201507","[5602-0000-0055] Seamless tube AISI30 4x40x40x400","Pcs","1.0","Pcs","Picking","1.0"
"[4022.644.3272] NXE RH Gripper LVL Tool Base","[4022.644.3272] NXE RH Gripper LVL Tool Base","[5601-0000-0103] ALU 6082 T651 (wgw) gzgd plaat 255x225x25","Pcs","1.0","Pcs","Picking, pre-cutted","1.0"
"[4022.644.9779] NXE NH Gripper LVL Tool Cover","[4022.644.9779] NXE NH Gripper LVL Tool Cover","[5601-0000-0104] ALU 6082 T651 (wgw) gzgd plaat 255x225x8","Pcs","1.0","Pcs","Picking, pre-cutted","1.0"
"[10007433A] RMFT Y-actuator power plug","[10007433A] RMFT Y-actuator power plug","[5608-0000-0003] PEEK Staf Naturel Ø50","mm","42.0","mm","Sawing","1.0"
"P1464-M5004-01","P1464-M5004-01","[5601-0000-0025] ALU 6082 T651 (wgw) gzgd plaat 125x30","mm","290.0","mm","Sawing","1.0"
"P1464-M5024-00","P1464-M5024-00","[5605-0000-0003] POM-C wit/naturel gzgd plaat 100x30","mm","255.0","mm","Sawing","1.0"
"P1464-M5025-00","P1464-M5025-00","[5602-0000-0056] RVS 304/304L wgw plat 80x20","mm","43.0","mm","Sawing","1.0"
"[1508130 B] [Q] excenter housing z","","[5601-0000-0012] ALU 6082 T6 plat 60x40","mm","68.0","mm","Material prep (ZGN_01)","1.0"
"","","","","","","Milling (FR5_01)","50.0"
"","","","","","","Milling (FR3_01)","5.0"
"","","","","","","BW - Benchwork (BKW_01)","5.0"
"","","","","","","Packaging (VERP_P)","1.0"
