JobID,Quantity,Deadline,OrderID,ProductID,OperationID,ResourceID,SchDaySt,SchShiftSt,SchTimeSt,SchDayCp,SchShiftCp,SchTimeCp,ActDaySt,ActShiftSt,ActTimeSt,ActDayCp,ActShiftCp,ActTimeCp
5,301.0,2025-08-20,118,361,845,9,2025-08-18,1,08:00,2025-08-18,1,13:01,,,,,,
6,301.0,2025-08-20,118,361,844,8,2025-08-18,1,13:01,2025-08-18,2,18:02,,,,,,
7,301.0,2025-08-20,118,361,843,7,2025-08-18,2,18:02,2025-08-18,2,18:02,,,,,,
8,301.0,2025-08-20,118,361,842,18,2025-08-18,2,18:02,2025-08-18,2,23:03,,,,,,
9,1.0,2025-08-19,120,419,898,14,2025-08-18,1,08:00,2025-08-18,1,08:18,,,,,,
10,1.0,2025-08-19,120,419,897,11,2025-08-18,1,09:27,2025-08-18,1,09:28,,,,,,
12,1.0,2025-08-21,121,381,867,14,2025-08-18,1,08:18,2025-08-19,1,08:36,,,,,,
13,1.0,2025-08-19,123,375,859,24,2025-08-18,1,08:00,2025-08-18,1,11:08,,,,,,
14,1.0,2025-08-19,123,375,858,18,2025-08-18,1,11:08,2025-08-18,1,11:09,,,,,,
16,1.0,2025-08-20,124,383,869,14,2025-08-19,1,08:36,2025-08-19,2,18:30,,,,,,
17,6.0,2025-08-19,65,468,962,14,2025-08-19,2,18:30,2025-08-19,2,20:54,,,,,,
18,6.0,2025-08-19,65,468,961,11,2025-08-19,2,20:54,2025-08-19,2,21:00,,,,,,
19,2.0,2025-08-19,66,461,953,14,2025-08-19,2,20:54,2025-08-19,2,21:16,,,,,,
20,2.0,2025-08-19,66,461,952,11,2025-08-19,2,21:16,2025-08-19,2,23:16,,,,,,
25,14.0,2025-08-25,67,463,956,24,2025-08-18,1,11:08,2025-08-18,2,16:44,,,,,,
26,14.0,2025-08-25,67,463,955,14,2025-08-20,1,14:06,2025-08-21,1,12:06,,,,,,
27,14.0,2025-08-25,67,463,954,11,2025-08-21,1,12:06,2025-08-21,1,12:20,,,,,,
28,12.0,2025-08-20,68,465,958,24,2025-08-18,2,16:44,2025-08-19,1,14:08,,,,,,
29,12.0,2025-08-20,68,465,957,11,2025-08-19,1,14:08,2025-08-19,1,14:20,,,,,,
30,4.0,2025-08-19,69,467,960,24,2025-08-19,1,14:08,2025-08-19,1,14:56,,,,,,
31,4.0,2025-08-19,69,467,959,11,2025-08-19,1,14:56,2025-08-19,1,15:00,,,,,,
32,6.0,2025-08-19,86,426,902,14,2025-08-19,2,21:16,2025-08-20,1,08:28,,,,,,
33,6.0,2025-08-19,86,426,901,11,2025-08-20,1,08:28,2025-08-20,1,08:34,,,,,,
34,2.0,2025-08-19,88,428,904,14,2025-08-20,1,08:28,2025-08-20,1,09:26,,,,,,
35,2.0,2025-08-19,88,428,903,11,2025-08-20,1,09:26,2025-08-20,1,09:28,,,,,,
36,2.0,2025-08-19,89,429,906,14,2025-08-20,1,09:26,2025-08-20,1,10:18,,,,,,
37,2.0,2025-08-19,89,429,905,11,2025-08-20,1,10:18,2025-08-20,1,10:20,,,,,,
38,4.0,2025-08-19,90,431,908,24,2025-08-19,1,14:56,2025-08-19,2,22:56,,,,,,
39,4.0,2025-08-19,90,431,907,11,2025-08-19,2,23:16,2025-08-19,2,23:20,,,,,,
40,1.0,2025-08-19,91,433,911,14,2025-08-20,1,10:18,2025-08-20,1,11:13,,,,,,
41,1.0,2025-08-19,91,433,910,24,2025-08-20,2,16:24,2025-08-20,2,16:59,,,,,,
42,1.0,2025-08-19,91,433,909,18,2025-08-20,2,16:59,2025-08-20,2,17:59,,,,,,
43,2.0,2025-08-19,92,435,913,24,2025-08-19,2,22:56,2025-08-20,1,08:28,,,,,,
44,2.0,2025-08-19,92,435,912,11,2025-08-20,1,08:34,2025-08-20,1,08:36,,,,,,
45,2.0,2025-08-19,93,437,915,14,2025-08-20,1,11:13,2025-08-20,1,13:15,,,,,,
46,2.0,2025-08-19,93,437,914,11,2025-08-20,1,13:15,2025-08-20,1,13:17,,,,,,
47,1.0,2025-08-19,94,439,917,14,2025-08-20,1,13:15,2025-08-20,1,14:06,,,,,,
48,1.0,2025-08-19,94,439,916,11,2025-08-20,1,14:06,2025-08-20,1,14:07,,,,,,
49,1.0,2025-08-27,NULL,440,919,NULL,NULL,NULL,NULL,NULL,NULL,NULL,,,,,,
50,1.0,2025-08-27,NULL,440,918,NULL,NULL,NULL,NULL,NULL,NULL,NULL,,,,,,
51,6.0,2025-08-21,64,469,964,24,2025-08-20,1,08:28,2025-08-20,1,09:52,,,,,,
52,6.0,2025-08-21,64,469,963,11,2025-08-20,1,09:52,2025-08-20,1,09:58,,,,,,
53,2.0,2025-08-22,56,478,968,24,2025-08-20,1,09:52,2025-08-20,1,10:56,,,,,,
54,2.0,2025-08-22,56,478,967,11,2025-08-20,1,10:56,2025-08-20,1,10:58,,,,,,
55,1.0,2025-08-27,NULL,454,938,NULL,NULL,NULL,NULL,NULL,NULL,NULL,,,,,,
56,1.0,2025-08-27,NULL,454,937,NULL,NULL,NULL,NULL,NULL,NULL,NULL,,,,,,
57,4.0,2025-08-22,71,455,940,24,2025-08-20,1,10:56,2025-08-20,1,12:00,,,,,,
58,4.0,2025-08-22,71,455,939,11,2025-08-20,1,12:00,2025-08-20,1,12:04,,,,,,
59,6.0,2025-08-27,NULL,456,942,NULL,NULL,NULL,NULL,NULL,NULL,NULL,,,,,,
60,6.0,2025-08-27,NULL,456,941,NULL,NULL,NULL,NULL,NULL,NULL,NULL,,,,,,
61,8.0,2025-08-28,NULL,457,944,NULL,NULL,NULL,NULL,NULL,NULL,NULL,,,,,,
62,8.0,2025-08-28,NULL,457,943,NULL,NULL,NULL,NULL,NULL,NULL,NULL,,,,,,
67,8.0,2025-08-28,NULL,458,947,NULL,NULL,NULL,NULL,NULL,NULL,NULL,,,,,,
68,8.0,2025-08-28,NULL,458,946,NULL,NULL,NULL,NULL,NULL,NULL,NULL,,,,,,
69,8.0,2025-08-28,NULL,458,945,NULL,NULL,NULL,NULL,NULL,NULL,NULL,,,,,,
70,2.0,2025-08-29,NULL,459,949,NULL,NULL,NULL,NULL,NULL,NULL,NULL,,,,,,
71,2.0,2025-08-29,NULL,459,948,NULL,NULL,NULL,NULL,NULL,NULL,NULL,,,,,,
72,7.0,2025-08-22,76,460,951,24,2025-08-20,1,12:00,2025-08-20,1,13:52,,,,,,
73,7.0,2025-08-22,76,460,950,11,2025-08-20,1,13:52,2025-08-20,1,13:59,,,,,,
74,2.0,2025-08-22,77,442,921,24,2025-08-20,1,13:52,2025-08-20,1,15:08,,,,,,
75,2.0,2025-08-22,77,442,920,11,2025-08-20,2,16:00,2025-08-20,2,16:02,,,,,,
76,4.0,2025-08-25,78,443,923,24,2025-08-20,1,15:08,2025-08-20,2,16:24,,,,,,
77,4.0,2025-08-25,78,443,922,11,2025-08-20,2,16:24,2025-08-20,2,16:28,,,,,,
78,1.0,2025-08-26,NULL,445,925,NULL,NULL,NULL,NULL,NULL,NULL,NULL,,,,,,
79,1.0,2025-08-26,NULL,445,924,NULL,NULL,NULL,NULL,NULL,NULL,NULL,,,,,,
80,1.0,2025-08-26,NULL,447,927,NULL,NULL,NULL,NULL,NULL,NULL,NULL,,,,,,
81,1.0,2025-08-26,NULL,447,926,NULL,NULL,NULL,NULL,NULL,NULL,NULL,,,,,,
82,1.0,2025-08-26,NULL,449,929,NULL,NULL,NULL,NULL,NULL,NULL,NULL,,,,,,
83,1.0,2025-08-26,NULL,449,928,NULL,NULL,NULL,NULL,NULL,NULL,NULL,,,,,,
84,1.0,2025-08-29,NULL,451,932,NULL,NULL,NULL,NULL,NULL,NULL,NULL,,,,,,
85,1.0,2025-08-29,NULL,451,931,NULL,NULL,NULL,NULL,NULL,NULL,NULL,,,,,,
86,1.0,2025-08-29,NULL,451,930,NULL,NULL,NULL,NULL,NULL,NULL,NULL,,,,,,
87,1.0,2025-08-29,NULL,452,934,NULL,NULL,NULL,NULL,NULL,NULL,NULL,,,,,,
88,1.0,2025-08-29,NULL,452,933,NULL,NULL,NULL,NULL,NULL,NULL,NULL,,,,,,
89,2.0,2025-08-26,NULL,453,936,NULL,NULL,NULL,NULL,NULL,NULL,NULL,,,,,,
90,2.0,2025-08-26,NULL,453,935,NULL,NULL,NULL,NULL,NULL,NULL,NULL,,,,,,
106,32.0,2025-09-23,NULL,482,974,NULL,NULL,NULL,NULL,NULL,NULL,NULL,,,,,,
107,32.0,2025-09-23,NULL,482,973,NULL,NULL,NULL,NULL,NULL,NULL,NULL,,,,,,
108,32.0,2025-09-23,NULL,482,972,NULL,NULL,NULL,NULL,NULL,NULL,NULL,,,,,,
109,45.0,2025-08-27,NULL,398,886,NULL,NULL,NULL,NULL,NULL,NULL,NULL,,,,,,
110,45.0,2025-08-27,NULL,398,885,NULL,NULL,NULL,NULL,NULL,NULL,NULL,,,,,,
111,3.0,2025-09-01,NULL,480,971,NULL,NULL,NULL,NULL,NULL,NULL,NULL,,,,,,
112,3.0,2025-09-01,NULL,480,970,NULL,NULL,NULL,NULL,NULL,NULL,NULL,,,,,,
113,2.0,2025-09-02,NULL,495,998,NULL,NULL,NULL,NULL,NULL,NULL,NULL,,,,,,
114,2.0,2025-09-02,NULL,495,997,NULL,NULL,NULL,NULL,NULL,NULL,NULL,,,,,,
115,2.0,2025-09-01,NULL,497,1000,NULL,NULL,NULL,NULL,NULL,NULL,NULL,,,,,,
116,2.0,2025-09-01,NULL,497,999,NULL,NULL,NULL,NULL,NULL,NULL,NULL,,,,,,
121,1.0,2025-09-10,NULL,491,996,NULL,NULL,NULL,NULL,NULL,NULL,NULL,,,,,,
122,1.0,2025-09-10,NULL,491,995,NULL,NULL,NULL,NULL,NULL,NULL,NULL,,,,,,
123,1.0,2025-09-10,NULL,491,994,NULL,NULL,NULL,NULL,NULL,NULL,NULL,,,,,,
124,1.0,2025-09-04,NULL,500,1005,NULL,NULL,NULL,NULL,NULL,NULL,NULL,,,,,,
125,1.0,2025-09-04,NULL,500,1004,NULL,NULL,NULL,NULL,NULL,NULL,NULL,,,,,,
126,1.0,2025-09-08,NULL,501,1008,NULL,NULL,NULL,NULL,NULL,NULL,NULL,,,,,,
127,1.0,2025-09-08,NULL,501,1007,NULL,NULL,NULL,NULL,NULL,NULL,NULL,,,,,,
128,1.0,2025-09-16,NULL,503,1011,NULL,NULL,NULL,NULL,NULL,NULL,NULL,,,,,,
129,1.0,2025-09-16,NULL,503,1010,NULL,NULL,NULL,NULL,NULL,NULL,NULL,,,,,,
130,1.0,2025-09-15,NULL,498,1002,NULL,NULL,NULL,NULL,NULL,NULL,NULL,,,,,,
131,1.0,2025-09-15,NULL,498,1001,NULL,NULL,NULL,NULL,NULL,NULL,NULL,,,,,,
140,53.0,2025-08-21,111,131,387,9,2025-08-18,1,13:01,2025-08-18,1,13:54,,,,,,
141,53.0,2025-08-21,111,131,386,8,2025-08-18,2,18:02,2025-08-18,2,20:41,,,,,,
142,53.0,2025-08-21,111,131,385,25,2025-08-18,2,20:41,2025-08-19,3,01:06,,,,,,
143,53.0,2025-08-21,111,131,384,12,2025-08-19,1,08:00,2025-08-20,3,06:05,,,,,,
144,53.0,2025-08-21,111,131,383,11,2025-08-20,1,09:50,2025-08-20,1,10:43,,,,,,
157,150.0,2025-08-22,108,27,70,9,2025-08-18,1,13:54,2025-08-18,2,16:24,,,,,,
158,150.0,2025-08-22,108,27,68,8,2025-08-18,2,20:41,2025-08-18,2,23:11,,,,,,
159,150.0,2025-08-22,108,27,67,13,2025-08-19,1,08:00,2025-08-19,2,23:00,,,,,,
160,150.0,2025-08-22,108,27,66,11,2025-08-19,2,23:20,2025-08-20,1,09:50,,,,,,
181,100.0,2025-08-25,109,29,76,9,2025-08-18,2,16:24,2025-08-18,2,18:04,,,,,,
182,100.0,2025-08-25,109,29,74,8,2025-08-18,2,23:11,2025-08-19,1,10:31,,,,,,
183,100.0,2025-08-25,109,29,73,7,2025-08-19,2,19:34,2025-08-20,1,10:14,,,,,,
184,100.0,2025-08-25,109,29,72,13,2025-08-21,1,09:00,2025-08-21,2,22:20,,,,,,
185,100.0,2025-08-25,109,29,71,11,2025-08-21,2,23:58,2025-08-22,1,09:38,,,,,,
206,100.0,2025-08-25,110,33,87,9,2025-08-18,2,18:04,2025-08-18,2,19:44,,,,,,
207,100.0,2025-08-25,110,33,85,8,2025-08-19,1,10:31,2025-08-19,1,13:51,,,,,,
208,100.0,2025-08-25,110,33,84,7,2025-08-20,1,10:14,2025-08-20,2,16:54,,,,,,
209,100.0,2025-08-25,110,33,83,13,2025-08-21,2,22:20,2025-08-22,1,11:40,,,,,,
210,100.0,2025-08-25,110,33,82,11,2025-08-22,1,11:40,2025-08-22,1,13:20,,,,,,
211,40.0,2025-08-19,5,170,526,9,2025-08-18,2,19:44,2025-08-18,2,20:24,,,,,,
212,40.0,2025-08-19,5,170,525,8,2025-08-19,1,13:51,2025-08-19,1,14:31,,,,,,
213,40.0,2025-08-19,5,170,524,13,2025-08-19,2,23:00,2025-08-20,3,01:00,,,,,,
214,40.0,2025-08-19,5,170,523,13,2025-08-22,1,11:40,2025-08-22,1,15:00,,,,,,
215,40.0,2025-08-19,5,170,522,11,2025-08-22,1,15:00,2025-08-22,1,15:40,,,,,,
216,40.0,2025-08-19,6,168,521,9,2025-08-18,2,20:24,2025-08-18,2,21:04,,,,,,
217,40.0,2025-08-19,6,168,520,8,2025-08-19,1,14:31,2025-08-19,1,15:11,,,,,,
218,40.0,2025-08-19,6,168,519,13,2025-08-20,1,08:00,2025-08-20,1,10:00,,,,,,
219,40.0,2025-08-19,6,168,518,13,2025-08-22,1,15:00,2025-08-22,2,19:40,,,,,,
220,40.0,2025-08-19,6,168,517,11,2025-08-22,2,19:40,2025-08-22,2,20:20,,,,,,
246,24.0,2025-08-26,58,239,730,9,2025-08-18,2,21:04,2025-08-18,2,21:28,,,,,,
247,24.0,2025-08-26,58,239,728,9,2025-08-20,1,08:30,2025-08-20,1,08:54,,,,,,
248,24.0,2025-08-26,58,239,727,8,2025-08-21,2,16:54,2025-08-21,2,17:42,,,,,,
249,24.0,2025-08-26,58,239,726,7,2025-08-23,1,14:33,2025-08-23,2,16:09,,,,,,
250,24.0,2025-08-26,NULL,239,725,NULL,NULL,NULL,NULL,NULL,NULL,NULL,,,,,,
276,16.0,2025-08-26,62,2,11,9,2025-08-18,2,21:28,2025-08-18,2,21:44,,,,,,
277,16.0,2025-08-26,62,2,9,9,2025-08-20,1,08:54,2025-08-20,1,09:10,,,,,,
278,16.0,2025-08-26,62,2,8,8,2025-08-21,2,17:42,2025-08-21,2,18:14,,,,,,
279,16.0,2025-08-26,62,2,7,7,2025-08-23,2,16:09,2025-08-23,2,17:45,,,,,,
280,16.0,2025-08-26,NULL,2,6,NULL,NULL,NULL,NULL,NULL,NULL,NULL,,,,,,
306,24.0,2025-08-26,96,4,23,9,2025-08-18,2,21:44,2025-08-18,2,22:08,,,,,,
307,24.0,2025-08-26,96,4,21,9,2025-08-20,1,09:10,2025-08-20,1,09:34,,,,,,
308,24.0,2025-08-26,96,4,20,8,2025-08-21,2,18:14,2025-08-21,2,19:02,,,,,,
309,24.0,2025-08-26,96,4,19,7,2025-08-23,2,17:45,2025-08-23,2,20:09,,,,,,
310,24.0,2025-08-26,NULL,4,18,NULL,NULL,NULL,NULL,NULL,NULL,NULL,,,,,,
336,24.0,2025-08-26,97,5,29,9,2025-08-18,2,22:08,2025-08-18,2,22:32,,,,,,
337,24.0,2025-08-26,97,5,27,9,2025-08-20,1,09:34,2025-08-20,1,09:58,,,,,,
338,24.0,2025-08-26,97,5,26,8,2025-08-21,2,19:02,2025-08-21,2,19:50,,,,,,
339,24.0,2025-08-26,97,5,25,7,2025-08-23,2,20:09,2025-08-23,2,22:33,,,,,,
340,24.0,2025-08-26,NULL,5,24,NULL,NULL,NULL,NULL,NULL,NULL,NULL,,,,,,
365,200.0,2025-08-29,NULL,25,65,NULL,NULL,NULL,NULL,NULL,NULL,NULL,,,,,,
366,200.0,2025-08-29,NULL,25,64,NULL,NULL,NULL,NULL,NULL,NULL,NULL,,,,,,
367,200.0,2025-08-29,NULL,25,63,NULL,NULL,NULL,NULL,NULL,NULL,NULL,,,,,,
368,200.0,2025-08-29,NULL,25,62,NULL,NULL,NULL,NULL,NULL,NULL,NULL,,,,,,
369,200.0,2025-08-29,NULL,25,61,NULL,NULL,NULL,NULL,NULL,NULL,NULL,,,,,,
396,150.0,2025-09-03,107,21,56,9,2025-08-18,2,22:32,2025-08-19,1,09:02,,,,,,
397,150.0,2025-09-03,107,21,54,7,2025-08-19,1,09:02,2025-08-19,2,16:32,,,,,,
398,150.0,2025-09-03,107,21,53,13,2025-08-20,1,10:00,2025-08-21,3,06:00,,,,,,
399,150.0,2025-09-03,107,21,52,11,2025-08-21,1,08:00,2025-08-21,1,10:30,,,,,,
402,100.0,2025-08-20,119,80,219,9,2025-08-19,1,09:02,2025-08-19,1,10:42,,,,,,
403,100.0,2025-08-20,119,80,218,8,2025-08-19,1,15:11,2025-08-19,2,20:11,,,,,,
404,100.0,2025-08-20,119,80,217,7,2025-08-20,2,16:54,2025-08-21,2,17:34,,,,,,
405,100.0,2025-08-20,119,80,216,18,2025-08-21,2,17:34,2025-08-21,2,17:34,,,,,,
416,200.0,2025-08-26,59,23,60,9,2025-08-19,1,12:22,2025-08-19,1,15:42,,,,,,
417,200.0,2025-08-26,59,23,59,8,2025-08-20,1,09:11,2025-08-20,2,19:11,,,,,,
418,200.0,2025-08-26,59,23,58,19,2025-08-20,2,19:11,2025-08-22,2,21:11,,,,,,
419,200.0,2025-08-26,59,23,57,18,2025-08-22,2,21:11,2025-08-23,1,08:31,,,,,,
422,100.0,2025-08-20,61,38,99,9,2025-08-19,1,15:42,2025-08-19,2,17:22,,,,,,
423,100.0,2025-08-20,61,38,98,8,2025-08-20,2,19:11,2025-08-20,2,22:31,,,,,,
424,100.0,2025-08-20,61,38,97,19,2025-08-22,2,21:11,2025-08-23,2,20:31,,,,,,
425,100.0,2025-08-20,NULL,38,96,NULL,NULL,NULL,NULL,NULL,NULL,NULL,,,,,,
446,20.0,2025-09-01,106,240,735,8,2025-08-18,1,08:00,2025-08-18,1,08:20,,,,,,
447,20.0,2025-09-01,106,240,733,19,2025-08-18,1,08:20,2025-08-18,1,13:00,,,,,,
448,20.0,2025-09-01,106,240,732,19,2025-08-18,1,13:00,2025-08-18,2,22:00,,,,,,
449,20.0,2025-09-01,106,240,731,7,2025-08-18,2,22:00,2025-08-18,2,22:20,,,,,,
450,12.0,2025-08-19,43,97,272,9,2025-08-19,2,19:02,2025-08-19,2,19:14,,,,,,
451,12.0,2025-08-19,43,97,271,8,2025-08-21,1,09:51,2025-08-21,1,10:03,,,,,,
452,12.0,2025-08-19,43,97,270,7,2025-08-22,2,18:14,2025-08-22,2,18:38,,,,,,
453,12.0,2025-08-19,43,97,269,13,2025-08-22,2,19:40,2025-08-22,2,20:28,,,,,,
454,12.0,2025-08-19,43,97,268,11,2025-08-22,2,20:28,2025-08-22,2,20:40,,,,,,
455,10.0,2025-08-19,45,101,286,9,2025-08-19,2,19:14,2025-08-19,2,19:24,,,,,,
456,10.0,2025-08-19,45,101,285,7,2025-08-19,2,19:24,2025-08-19,2,19:34,,,,,,
457,10.0,2025-08-19,45,101,284,13,2025-08-21,1,08:00,2025-08-21,1,09:00,,,,,,
458,10.0,2025-08-19,45,101,283,11,2025-08-21,1,10:30,2025-08-21,1,10:40,,,,,,
463,12.0,2025-08-20,46,121,356,9,2025-08-19,2,19:24,2025-08-19,2,19:36,,,,,,
464,12.0,2025-08-20,46,121,355,8,2025-08-21,1,10:03,2025-08-21,1,10:39,,,,,,
465,12.0,2025-08-20,46,121,354,25,2025-08-21,1,10:39,2025-08-21,1,12:03,,,,,,
466,12.0,2025-08-20,46,121,353,25,2025-08-21,2,17:14,2025-08-21,2,23:14,,,,,,
467,12.0,2025-08-20,46,121,352,11,2025-08-22,1,09:38,2025-08-22,1,09:50,,,,,,
472,20.0,2025-08-20,57,134,402,9,2025-08-19,2,19:36,2025-08-19,2,19:56,,,,,,
473,20.0,2025-08-20,57,134,401,8,2025-08-21,1,10:39,2025-08-21,1,12:19,,,,,,
474,20.0,2025-08-20,57,134,400,7,2025-08-22,2,18:38,2025-08-22,2,20:18,,,,,,
475,20.0,2025-08-20,57,134,399,12,2025-08-22,2,20:18,2025-08-23,1,08:58,,,,,,
476,20.0,2025-08-20,57,134,398,11,2025-08-23,1,08:58,2025-08-23,1,09:18,,,,,,
511,82.0,2025-09-04,NULL,72,197,NULL,NULL,NULL,NULL,NULL,NULL,NULL,,,,,,
512,82.0,2025-09-04,NULL,72,196,NULL,NULL,NULL,NULL,NULL,NULL,NULL,,,,,,
513,82.0,2025-09-04,NULL,72,195,NULL,NULL,NULL,NULL,NULL,NULL,NULL,,,,,,
514,82.0,2025-09-04,NULL,72,194,NULL,NULL,NULL,NULL,NULL,NULL,NULL,,,,,,
515,82.0,2025-09-04,NULL,72,193,NULL,NULL,NULL,NULL,NULL,NULL,NULL,,,,,,
516,1.0,2025-08-20,41,530,1047,11,2025-08-18,1,08:00,2025-08-18,1,08:01,,,,,,
519,9.0,2025-09-05,NULL,510,1018,NULL,NULL,NULL,NULL,NULL,NULL,NULL,,,,,,
520,9.0,2025-09-05,NULL,510,1017,NULL,NULL,NULL,NULL,NULL,NULL,NULL,,,,,,
521,9.0,2025-09-05,NULL,510,1016,NULL,NULL,NULL,NULL,NULL,NULL,NULL,,,,,,
544,75.0,2025-08-28,112,181,549,9,2025-08-19,2,19:56,2025-08-19,2,21:11,,,,,,
545,75.0,2025-08-28,112,181,547,8,2025-08-21,1,12:19,2025-08-21,1,13:34,,,,,,
546,75.0,2025-08-28,112,181,546,7,2025-08-22,2,20:18,2025-08-23,1,10:33,,,,,,
547,75.0,2025-08-28,112,181,545,13,2025-08-23,1,10:33,2025-08-24,3,02:48,,,,,,
548,75.0,2025-08-28,NULL,181,544,NULL,NULL,NULL,NULL,NULL,NULL,NULL,,,,,,
574,24.0,2025-08-26,63,3,17,9,2025-08-19,2,21:11,2025-08-19,2,21:35,,,,,,
575,24.0,2025-08-26,63,3,15,9,2025-08-20,1,09:58,2025-08-20,1,10:22,,,,,,
576,24.0,2025-08-26,63,3,14,8,2025-08-21,2,19:50,2025-08-21,2,20:38,,,,,,
577,24.0,2025-08-26,63,3,13,7,2025-08-23,2,22:33,2025-08-24,1,08:57,,,,,,
578,24.0,2025-08-26,NULL,3,12,NULL,NULL,NULL,NULL,NULL,NULL,NULL,,,,,,
626,100.0,2025-09-09,NULL,33,87,NULL,NULL,NULL,NULL,NULL,NULL,NULL,,,,,,
627,100.0,2025-09-09,NULL,33,85,NULL,NULL,NULL,NULL,NULL,NULL,NULL,,,,,,
628,100.0,2025-09-09,NULL,33,84,NULL,NULL,NULL,NULL,NULL,NULL,NULL,,,,,,
629,100.0,2025-09-09,NULL,33,83,NULL,NULL,NULL,NULL,NULL,NULL,NULL,,,,,,
630,100.0,2025-09-09,NULL,33,82,NULL,NULL,NULL,NULL,NULL,NULL,NULL,,,,,,
645,40.0,2025-08-26,48,129,377,9,2025-08-19,2,21:35,2025-08-19,2,22:15,,,,,,
646,40.0,2025-08-26,48,129,376,8,2025-08-21,1,13:34,2025-08-21,1,15:34,,,,,,
647,40.0,2025-08-26,48,129,375,7,2025-08-23,1,10:33,2025-08-23,1,14:33,,,,,,
648,40.0,2025-08-26,48,129,374,12,2025-08-23,1,14:33,2025-08-24,3,07:13,,,,,,
649,40.0,2025-08-26,NULL,129,373,NULL,NULL,NULL,NULL,NULL,NULL,NULL,,,,,,
650,8.0,2025-08-19,17,539,1056,18,2025-08-18,1,08:00,2025-08-18,1,08:08,,,,,,
651,8.0,2025-09-01,NULL,541,1058,NULL,NULL,NULL,NULL,NULL,NULL,NULL,,,,,,
652,8.0,2025-09-01,NULL,541,1057,NULL,NULL,NULL,NULL,NULL,NULL,NULL,,,,,,
653,8.0,2025-08-28,NULL,543,1061,NULL,NULL,NULL,NULL,NULL,NULL,NULL,,,,,,
654,8.0,2025-08-28,NULL,543,1060,NULL,NULL,NULL,NULL,NULL,NULL,NULL,,,,,,
655,25.0,2025-08-20,29,525,1043,11,2025-08-18,1,08:01,2025-08-18,1,08:26,,,,,,
656,5.0,2025-08-20,30,547,1067,11,2025-08-18,1,08:26,2025-08-18,1,08:31,,,,,,
657,40.0,2025-08-21,31,526,1044,11,2025-08-18,1,08:31,2025-08-18,1,09:11,,,,,,
658,10.0,2025-08-21,32,524,1042,11,2025-08-18,1,09:11,2025-08-18,1,09:21,,,,,,
659,5.0,2025-08-21,33,529,1046,11,2025-08-18,1,09:21,2025-08-18,1,09:26,,,,,,
660,5.0,2025-08-19,34,527,1045,18,2025-08-18,1,08:08,2025-08-18,1,08:13,,,,,,
667,100.0,2025-08-22,117,231,709,8,2025-08-18,1,08:20,2025-08-18,1,10:00,,,,,,
668,100.0,2025-08-22,117,231,708,13,2025-08-18,1,10:00,2025-08-18,2,23:20,,,,,,
669,100.0,2025-08-22,117,231,707,8,2025-08-21,2,20:38,2025-08-21,2,22:18,,,,,,
670,100.0,2025-08-22,117,231,706,11,2025-08-21,2,22:18,2025-08-21,2,23:58,,,,,,
692,65.0,2025-08-29,NULL,149,462,NULL,NULL,NULL,NULL,NULL,NULL,NULL,,,,,,
693,65.0,2025-08-29,NULL,149,461,NULL,NULL,NULL,NULL,NULL,NULL,NULL,,,,,,
694,65.0,2025-08-29,NULL,149,460,NULL,NULL,NULL,NULL,NULL,NULL,NULL,,,,,,
695,65.0,2025-08-29,NULL,149,459,NULL,NULL,NULL,NULL,NULL,NULL,NULL,,,,,,
696,65.0,2025-08-29,NULL,149,458,NULL,NULL,NULL,NULL,NULL,NULL,NULL,,,,,,
748,100.0,2025-09-12,NULL,29,76,NULL,NULL,NULL,NULL,NULL,NULL,NULL,,,,,,
749,100.0,2025-09-12,NULL,29,74,NULL,NULL,NULL,NULL,NULL,NULL,NULL,,,,,,
750,100.0,2025-09-12,NULL,29,73,NULL,NULL,NULL,NULL,NULL,NULL,NULL,,,,,,
751,100.0,2025-09-12,NULL,29,72,NULL,NULL,NULL,NULL,NULL,NULL,NULL,,,,,,
752,100.0,2025-09-12,NULL,29,71,NULL,NULL,NULL,NULL,NULL,NULL,NULL,,,,,,
799,125.0,2025-09-19,NULL,19,51,NULL,NULL,NULL,NULL,NULL,NULL,NULL,,,,,,
800,125.0,2025-09-19,NULL,19,49,NULL,NULL,NULL,NULL,NULL,NULL,NULL,,,,,,
801,125.0,2025-09-19,NULL,19,48,NULL,NULL,NULL,NULL,NULL,NULL,NULL,,,,,,
802,125.0,2025-09-19,NULL,19,47,NULL,NULL,NULL,NULL,NULL,NULL,NULL,,,,,,
844,150.0,2025-09-16,NULL,27,70,NULL,NULL,NULL,NULL,NULL,NULL,NULL,,,,,,
845,150.0,2025-09-16,NULL,27,68,NULL,NULL,NULL,NULL,NULL,NULL,NULL,,,,,,
846,150.0,2025-09-16,NULL,27,67,NULL,NULL,NULL,NULL,NULL,NULL,NULL,,,,,,
847,150.0,2025-09-16,NULL,27,66,NULL,NULL,NULL,NULL,NULL,NULL,NULL,,,,,,
861,25.0,2025-08-22,114,251,771,9,2025-08-19,2,22:15,2025-08-19,2,22:40,,,,,,
862,25.0,2025-08-22,114,251,769,8,2025-08-21,1,15:34,2025-08-21,2,16:24,,,,,,
863,25.0,2025-08-22,114,251,768,15,2025-08-21,2,16:24,2025-08-22,1,12:04,,,,,,
864,25.0,2025-08-22,114,251,767,15,2025-08-22,1,12:04,2025-08-22,1,13:19,,,,,,
865,25.0,2025-08-22,114,251,766,11,2025-08-22,1,13:20,2025-08-22,1,13:45,,,,,,
886,60.0,2025-09-08,NULL,240,735,NULL,NULL,NULL,NULL,NULL,NULL,NULL,,,,,,
887,60.0,2025-09-08,NULL,240,733,NULL,NULL,NULL,NULL,NULL,NULL,NULL,,,,,,
888,60.0,2025-09-08,NULL,240,732,NULL,NULL,NULL,NULL,NULL,NULL,NULL,,,,,,
889,60.0,2025-09-08,NULL,240,731,NULL,NULL,NULL,NULL,NULL,NULL,NULL,,,,,,
943,200.0,2025-09-25,NULL,36,95,NULL,NULL,NULL,NULL,NULL,NULL,NULL,,,,,,
944,200.0,2025-09-25,NULL,36,93,NULL,NULL,NULL,NULL,NULL,NULL,NULL,,,,,,
945,200.0,2025-09-25,NULL,36,92,NULL,NULL,NULL,NULL,NULL,NULL,NULL,,,,,,
946,200.0,2025-09-25,NULL,36,91,NULL,NULL,NULL,NULL,NULL,NULL,NULL,,,,,,
954,100.0,2025-08-25,1,38,99,9,2025-08-19,2,17:22,2025-08-19,2,19:02,,,,,,
955,100.0,2025-08-25,1,38,98,8,2025-08-20,2,22:31,2025-08-21,1,09:51,,,,,,
956,100.0,2025-08-25,1,38,97,19,2025-08-23,2,20:31,2025-08-24,2,19:51,,,,,,
957,100.0,2025-08-25,NULL,38,96,NULL,NULL,NULL,NULL,NULL,NULL,NULL,,,,,,
958,1.0,2025-08-19,38,506,1014,18,2025-08-18,1,08:13,2025-08-18,1,08:14,,,,,,
959,1.0,2025-08-21,39,533,1050,11,2025-08-18,1,09:26,2025-08-18,1,09:27,,,,,,
960,1.0,2025-08-19,40,508,1015,18,2025-08-18,1,08:14,2025-08-18,1,08:15,,,,,,
1019,150.0,2025-09-30,NULL,21,56,NULL,NULL,NULL,NULL,NULL,NULL,NULL,,,,,,
1020,150.0,2025-09-30,NULL,21,54,NULL,NULL,NULL,NULL,NULL,NULL,NULL,,,,,,
1021,150.0,2025-09-30,NULL,21,53,NULL,NULL,NULL,NULL,NULL,NULL,NULL,,,,,,
1022,150.0,2025-09-30,NULL,21,52,NULL,NULL,NULL,NULL,NULL,NULL,NULL,,,,,,
1043,275.0,2025-09-02,NULL,31,81,NULL,NULL,NULL,NULL,NULL,NULL,NULL,,,,,,
1044,275.0,2025-09-02,NULL,31,79,NULL,NULL,NULL,NULL,NULL,NULL,NULL,,,,,,
1045,275.0,2025-09-02,NULL,31,78,NULL,NULL,NULL,NULL,NULL,NULL,NULL,,,,,,
1046,275.0,2025-09-02,NULL,31,77,NULL,NULL,NULL,NULL,NULL,NULL,NULL,,,,,,
1057,10.0,2025-08-21,44,123,830,9,2025-08-19,2,22:40,2025-08-19,2,22:50,,,,,,
1058,10.0,2025-08-21,44,123,829,8,2025-08-21,2,16:24,2025-08-21,2,16:54,,,,,,
1059,10.0,2025-08-21,44,123,828,25,2025-08-21,2,16:54,2025-08-21,2,17:14,,,,,,
1060,10.0,2025-08-21,44,123,827,25,2025-08-21,2,23:14,2025-08-22,3,01:44,,,,,,
1061,10.0,2025-08-21,44,123,826,25,2025-08-22,1,08:00,2025-08-22,2,16:20,,,,,,
1062,10.0,2025-08-21,44,123,825,11,2025-08-22,2,16:20,2025-08-22,2,16:30,,,,,,
1063,10.0,2025-08-21,44,123,362,9,2025-08-22,2,16:30,2025-08-22,2,16:40,,,,,,
1064,10.0,2025-08-21,44,123,361,8,2025-08-22,2,16:40,2025-08-22,2,17:10,,,,,,
1065,10.0,2025-08-21,44,123,360,25,2025-08-22,2,17:10,2025-08-22,2,17:30,,,,,,
1066,10.0,2025-08-21,44,123,359,25,2025-08-22,2,17:30,2025-08-22,2,20:00,,,,,,
1067,10.0,2025-08-21,44,123,358,25,2025-08-22,2,20:00,2025-08-23,3,04:20,,,,,,
1068,10.0,2025-08-21,44,123,357,11,2025-08-23,1,08:00,2025-08-23,1,08:10,,,,,,
1131,100.0,2025-09-18,NULL,29,76,NULL,NULL,NULL,NULL,NULL,NULL,NULL,,,,,,
1132,100.0,2025-09-18,NULL,29,74,NULL,NULL,NULL,NULL,NULL,NULL,NULL,,,,,,
1133,100.0,2025-09-18,NULL,29,73,NULL,NULL,NULL,NULL,NULL,NULL,NULL,,,,,,
1134,100.0,2025-09-18,NULL,29,72,NULL,NULL,NULL,NULL,NULL,NULL,NULL,,,,,,
1135,100.0,2025-09-18,NULL,29,71,NULL,NULL,NULL,NULL,NULL,NULL,NULL,,,,,,
1231,100.0,2025-10-03,NULL,33,87,NULL,NULL,NULL,NULL,NULL,NULL,NULL,,,,,,
1232,100.0,2025-10-03,NULL,33,85,NULL,NULL,NULL,NULL,NULL,NULL,NULL,,,,,,
1233,100.0,2025-10-03,NULL,33,84,NULL,NULL,NULL,NULL,NULL,NULL,NULL,,,,,,
1234,100.0,2025-10-03,NULL,33,83,NULL,NULL,NULL,NULL,NULL,NULL,NULL,,,,,,
1235,100.0,2025-10-03,NULL,33,82,NULL,NULL,NULL,NULL,NULL,NULL,NULL,,,,,,
1312,150.0,2025-10-07,NULL,54,158,NULL,NULL,NULL,NULL,NULL,NULL,NULL,,,,,,
1313,150.0,2025-10-07,NULL,54,157,NULL,NULL,NULL,NULL,NULL,NULL,NULL,,,,,,
1314,150.0,2025-10-07,NULL,54,156,NULL,NULL,NULL,NULL,NULL,NULL,NULL,,,,,,
1315,150.0,2025-10-07,NULL,54,155,NULL,NULL,NULL,NULL,NULL,NULL,NULL,,,,,,
1316,150.0,2025-10-07,NULL,54,154,NULL,NULL,NULL,NULL,NULL,NULL,NULL,,,,,,
1342,50.0,2025-08-27,4,284,819,9,2025-08-19,2,22:50,2025-08-19,2,23:40,,,,,,
1343,50.0,2025-08-27,4,284,817,9,2025-08-20,1,10:22,2025-08-20,1,11:12,,,,,,
1344,50.0,2025-08-27,4,284,816,8,2025-08-21,2,22:18,2025-08-21,2,23:58,,,,,,
1345,50.0,2025-08-27,4,284,815,7,2025-08-24,1,08:57,2025-08-24,1,13:57,,,,,,
1346,50.0,2025-08-27,NULL,284,814,NULL,NULL,NULL,NULL,NULL,NULL,NULL,,,,,,
1372,50.0,2025-08-27,7,6,35,9,2025-08-19,2,23:40,2025-08-20,1,08:30,,,,,,
1373,50.0,2025-08-27,7,6,33,9,2025-08-20,1,11:12,2025-08-20,1,12:02,,,,,,
1374,50.0,2025-08-27,7,6,32,8,2025-08-21,2,23:58,2025-08-22,1,09:38,,,,,,
1375,50.0,2025-08-27,7,6,31,7,2025-08-24,1,13:57,2025-08-24,2,18:57,,,,,,
1376,50.0,2025-08-27,NULL,6,30,NULL,NULL,NULL,NULL,NULL,NULL,NULL,,,,,,
1425,25.0,2025-09-12,NULL,58,168,NULL,NULL,NULL,NULL,NULL,NULL,NULL,,,,,,
1426,25.0,2025-09-12,NULL,58,167,NULL,NULL,NULL,NULL,NULL,NULL,NULL,,,,,,
1427,25.0,2025-09-12,NULL,58,166,NULL,NULL,NULL,NULL,NULL,NULL,NULL,,,,,,
1428,25.0,2025-09-12,NULL,58,165,NULL,NULL,NULL,NULL,NULL,NULL,NULL,,,,,,
1429,25.0,2025-09-12,NULL,58,164,NULL,NULL,NULL,NULL,NULL,NULL,NULL,,,,,,
1439,10.0,2025-08-26,NULL,64,183,NULL,NULL,NULL,NULL,NULL,NULL,NULL,,,,,,
1440,10.0,2025-08-26,NULL,64,182,NULL,NULL,NULL,NULL,NULL,NULL,NULL,,,,,,
1441,10.0,2025-08-26,NULL,64,181,NULL,NULL,NULL,NULL,NULL,NULL,NULL,,,,,,
1502,50.0,2025-09-22,NULL,516,1028,NULL,NULL,NULL,NULL,NULL,NULL,NULL,,,,,,
1503,50.0,2025-09-22,NULL,516,1027,NULL,NULL,NULL,NULL,NULL,NULL,NULL,,,,,,
1504,50.0,2025-09-22,NULL,516,1026,NULL,NULL,NULL,NULL,NULL,NULL,NULL,,,,,,
1505,50.0,2025-09-22,NULL,516,1025,NULL,NULL,NULL,NULL,NULL,NULL,NULL,,,,,,
1506,50.0,2025-09-22,NULL,516,1024,NULL,NULL,NULL,NULL,NULL,NULL,NULL,,,,,,
1555,73.0,2025-09-08,NULL,5,29,NULL,NULL,NULL,NULL,NULL,NULL,NULL,,,,,,
1556,73.0,2025-09-08,NULL,5,27,NULL,NULL,NULL,NULL,NULL,NULL,NULL,,,,,,
1557,73.0,2025-09-08,NULL,5,26,NULL,NULL,NULL,NULL,NULL,NULL,NULL,,,,,,
1558,73.0,2025-09-08,NULL,5,25,NULL,NULL,NULL,NULL,NULL,NULL,NULL,,,,,,
1559,73.0,2025-09-08,NULL,5,24,NULL,NULL,NULL,NULL,NULL,NULL,NULL,,,,,,
1605,50.0,2025-09-05,NULL,2,11,NULL,NULL,NULL,NULL,NULL,NULL,NULL,,,,,,
1606,50.0,2025-09-05,NULL,2,9,NULL,NULL,NULL,NULL,NULL,NULL,NULL,,,,,,
1607,50.0,2025-09-05,NULL,2,8,NULL,NULL,NULL,NULL,NULL,NULL,NULL,,,,,,
1608,50.0,2025-09-05,NULL,2,7,NULL,NULL,NULL,NULL,NULL,NULL,NULL,,,,,,
1609,50.0,2025-09-05,NULL,2,6,NULL,NULL,NULL,NULL,NULL,NULL,NULL,,,,,,
1641,25.0,2025-09-01,NULL,251,771,NULL,NULL,NULL,NULL,NULL,NULL,NULL,,,,,,
1642,25.0,2025-09-01,NULL,251,769,NULL,NULL,NULL,NULL,NULL,NULL,NULL,,,,,,
1643,25.0,2025-09-01,NULL,251,768,NULL,NULL,NULL,NULL,NULL,NULL,NULL,,,,,,
1644,25.0,2025-09-01,NULL,251,767,NULL,NULL,NULL,NULL,NULL,NULL,NULL,,,,,,
1645,25.0,2025-09-01,NULL,251,766,NULL,NULL,NULL,NULL,NULL,NULL,NULL,,,,,,
1744,75.0,2025-10-09,NULL,181,549,NULL,NULL,NULL,NULL,NULL,NULL,NULL,,,,,,
1745,75.0,2025-10-09,NULL,181,547,NULL,NULL,NULL,NULL,NULL,NULL,NULL,,,,,,
1746,75.0,2025-10-09,NULL,181,546,NULL,NULL,NULL,NULL,NULL,NULL,NULL,,,,,,
1747,75.0,2025-10-09,NULL,181,545,NULL,NULL,NULL,NULL,NULL,NULL,NULL,,,,,,
1748,75.0,2025-10-09,NULL,181,544,NULL,NULL,NULL,NULL,NULL,NULL,NULL,,,,,,
1803,73.0,2025-09-10,NULL,4,23,NULL,NULL,NULL,NULL,NULL,NULL,NULL,,,,,,
1804,73.0,2025-09-10,NULL,4,21,NULL,NULL,NULL,NULL,NULL,NULL,NULL,,,,,,
1805,73.0,2025-09-10,NULL,4,20,NULL,NULL,NULL,NULL,NULL,NULL,NULL,,,,,,
1806,73.0,2025-09-10,NULL,4,19,NULL,NULL,NULL,NULL,NULL,NULL,NULL,,,,,,
1807,73.0,2025-09-10,NULL,4,18,NULL,NULL,NULL,NULL,NULL,NULL,NULL,,,,,,
1865,50.0,2025-09-11,NULL,3,17,NULL,NULL,NULL,NULL,NULL,NULL,NULL,,,,,,
1866,50.0,2025-09-11,NULL,3,15,NULL,NULL,NULL,NULL,NULL,NULL,NULL,,,,,,
1867,50.0,2025-09-11,NULL,3,14,NULL,NULL,NULL,NULL,NULL,NULL,NULL,,,,,,
1868,50.0,2025-09-11,NULL,3,13,NULL,NULL,NULL,NULL,NULL,NULL,NULL,,,,,,
1869,50.0,2025-09-11,NULL,3,12,NULL,NULL,NULL,NULL,NULL,NULL,NULL,,,,,,
1912,10.0,2025-09-15,NULL,95,267,NULL,NULL,NULL,NULL,NULL,NULL,NULL,,,,,,
1913,10.0,2025-09-15,NULL,95,266,NULL,NULL,NULL,NULL,NULL,NULL,NULL,,,,,,
1914,10.0,2025-09-15,NULL,95,265,NULL,NULL,NULL,NULL,NULL,NULL,NULL,,,,,,
1915,10.0,2025-09-15,NULL,95,264,NULL,NULL,NULL,NULL,NULL,NULL,NULL,,,,,,
1916,10.0,2025-09-15,NULL,95,263,NULL,NULL,NULL,NULL,NULL,NULL,NULL,,,,,,
1999,500.0,2025-10-15,NULL,221,685,NULL,NULL,NULL,NULL,NULL,NULL,NULL,,,,,,
2000,500.0,2025-10-15,NULL,221,684,NULL,NULL,NULL,NULL,NULL,NULL,NULL,,,,,,
2001,500.0,2025-10-15,NULL,221,683,NULL,NULL,NULL,NULL,NULL,NULL,NULL,,,,,,
2002,500.0,2025-10-15,NULL,221,682,NULL,NULL,NULL,NULL,NULL,NULL,NULL,,,,,,
2003,500.0,2025-10-15,NULL,221,681,NULL,NULL,NULL,NULL,NULL,NULL,NULL,,,,,,
2004,500.0,2025-10-15,NULL,221,680,NULL,NULL,NULL,NULL,NULL,NULL,NULL,,,,,,
2005,500.0,2025-10-15,NULL,221,679,NULL,NULL,NULL,NULL,NULL,NULL,NULL,,,,,,
2006,500.0,2025-10-15,NULL,221,678,NULL,NULL,NULL,NULL,NULL,NULL,NULL,,,,,,
2007,4.0,2025-08-25,126,367,851,29,2025-08-18,1,08:00,2025-08-20,3,06:40,,,,,,
2008,4.0,2025-08-25,126,367,850,15,2025-08-20,1,08:00,2025-08-21,1,16:00,,,,,,
2056,36.0,2025-09-12,NULL,150,468,NULL,NULL,NULL,NULL,NULL,NULL,NULL,,,,,,
2057,36.0,2025-09-12,NULL,150,467,NULL,NULL,NULL,NULL,NULL,NULL,NULL,,,,,,
2058,36.0,2025-09-12,NULL,150,466,NULL,NULL,NULL,NULL,NULL,NULL,NULL,,,,,,
2059,36.0,2025-09-12,NULL,150,465,NULL,NULL,NULL,NULL,NULL,NULL,NULL,,,,,,
2060,36.0,2025-09-12,NULL,150,464,NULL,NULL,NULL,NULL,NULL,NULL,NULL,,,,,,
2061,36.0,2025-09-12,NULL,150,463,NULL,NULL,NULL,NULL,NULL,NULL,NULL,,,,,,
2115,52.0,2025-09-16,NULL,148,457,NULL,NULL,NULL,NULL,NULL,NULL,NULL,,,,,,
2116,52.0,2025-09-16,NULL,148,456,NULL,NULL,NULL,NULL,NULL,NULL,NULL,,,,,,
2117,52.0,2025-09-16,NULL,148,455,NULL,NULL,NULL,NULL,NULL,NULL,NULL,,,,,,
2118,52.0,2025-09-16,NULL,148,454,NULL,NULL,NULL,NULL,NULL,NULL,NULL,,,,,,
2119,52.0,2025-09-16,NULL,148,453,NULL,NULL,NULL,NULL,NULL,NULL,NULL,,,,,,
2120,52.0,2025-09-16,NULL,148,452,NULL,NULL,NULL,NULL,NULL,NULL,NULL,,,,,,
2126,100.0,2025-08-22,12,80,219,9,2025-08-19,1,10:42,2025-08-19,1,12:22,,,,,,
2127,100.0,2025-08-22,12,80,218,8,2025-08-19,2,20:11,2025-08-20,1,09:11,,,,,,
2128,100.0,2025-08-22,12,80,217,7,2025-08-21,2,17:34,2025-08-22,2,18:14,,,,,,
2129,100.0,2025-08-22,12,80,216,18,2025-08-22,2,18:14,2025-08-22,2,18:14,,,,,,
2130,34.0,2025-08-20,20,504,1013,18,2025-08-18,1,08:15,2025-08-18,1,08:49,,,,,,
2131,1.0,2025-08-29,NULL,414,896,NULL,NULL,NULL,NULL,NULL,NULL,NULL,,,,,,
2139,42.0,2025-09-19,NULL,486,985,NULL,NULL,NULL,NULL,NULL,NULL,NULL,,,,,,
2140,42.0,2025-09-19,NULL,486,984,NULL,NULL,NULL,NULL,NULL,NULL,NULL,,,,,,
2141,42.0,2025-09-19,NULL,486,983,NULL,NULL,NULL,NULL,NULL,NULL,NULL,,,,,,
2142,24.0,2025-10-17,NULL,480,971,NULL,NULL,NULL,NULL,NULL,NULL,NULL,,,,,,
2143,24.0,2025-10-17,NULL,480,970,NULL,NULL,NULL,NULL,NULL,NULL,NULL,,,,,,
